obs_id,filename,kind,filter_name,pupil,detector,visit,exposure,size,status,local_path
jw02731-o001_t017_nircam_clear-f090w,jw02731-o001_t017_nircam_clear-f090w_i2d.fits,I2D,F090W,CLEAR,combined,0,0,5415445440,ok,C:\data\jwst_i2d\mastDownload\JWST\jw02731-o001_t017_nircam_clear-f090w\jw02731-o001_t017_nircam_clear-f090w_i2d.fits
jw02731-o001_t017_nircam_clear-f187n,jw02731-o001_t017_nircam_clear-f187n_i2d.fits,I2D,F187N,CLEAR,combined,0,0,5416456320,ok,C:\data\jwst_i2d\mastDownload\JWST\jw02731-o001_t017_nircam_clear-f187n\jw02731-o001_t017_nircam_clear-f187n_i2d.fits
jw02731-o001_t017_nircam_clear-f200w,jw02731-o001_t017_nircam_clear-f200w_i2d.fits,I2D,F200W,CLEAR,combined,0,0,5420381760,ok,C:\data\jwst_i2d\mastDownload\JWST\jw02731-o001_t017_nircam_clear-f200w\jw02731-o001_t017_nircam_clear-f200w_i2d.fits
jw02731-o001_t017_nircam_clear-f335m,jw02731-o001_t017_nircam_clear-f335m_i2d.fits,I2D,F335M,CLEAR,combined,0,0,944968320,ok,C:\data\jwst_i2d\mastDownload\JWST\jw02731-o001_t017_nircam_clear-f335m\jw02731-o001_t017_nircam_clear-f335m_i2d.fits
jw02731001001_02105_00001_nrca1,jw02731001001_02105_00001_nrca1_i2d.fits,I2D,F200W,CLEAR,nrca1,1,1,118702080,ok,C:\data\jwst_i2d\mastDownload\JWST\jw02731001001_02105_00001_nrca1\jw02731001001_02105_00001_nrca1_i2d.fits
jw02731001001_02105_00001_nrca2,jw02731001001_02105_00001_nrca2_i2d.fits,I2D,F200W,CLEAR,nrca2,1,1,118480320,ok,C:\data\jwst_i2d\mastDownload\JWST\jw02731001001_02105_00001_nrca2\jw02731001001_02105_00001_nrca2_i2d.fits
jw02731001001_02105_00001_nrca4,jw02731001001_02105_00001_nrca4_i2d.fits,I2D,F200W,CLEAR,nrca4,1,1,118702080,ok,C:\data\jwst_i2d\mastDownload\JWST\jw02731001001_02105_00001_nrca4\jw02731001001_02105_00001_nrca4_i2d.fits
jw02731001001_02105_00001_nrcb1,jw02731001001_02105_00001_nrcb1_i2d.fits,I2D,F200W,CLEAR,nrcb1,1,1,118480320,ok,C:\data\jwst_i2d\mastDownload\JWST\jw02731001001_02105_00001_nrcb1\jw02731001001_02105_00001_nrcb1_i2d.fits
jw02731001001_02105_00001_nrcb2,jw02731001001_02105_00001_nrcb2_i2d.fits,I2D,F200W,CLEAR,nrcb2,1,1,118702080,ok,C:\data\jwst_i2d\mastDownload\JWST\jw02731001001_02105_00001_nrcb2\jw02731001001_02105_00001_nrcb2_i2d.fits
jw02731001001_02105_00001_nrcb3,jw02731001001_02105_00001_nrcb3_i2d.fits,I2D,F200W,CLEAR,nrcb3,1,1,118702080,ok,C:\data\jwst_i2d\mastDownload\JWST\jw02731001001_02105_00001_nrcb3\jw02731001001_02105_00001_nrcb3_i2d.fits
jw02731001001_02105_00002_nrca1,jw02731001001_02105_00002_nrca1_i2d.fits,I2D,F200W,CLEAR,nrca1,1,2,118702080,ok,C:\data\jwst_i2d\mastDownload\JWST\jw02731001001_02105_00002_nrca1\jw02731001001_02105_00002_nrca1_i2d.fits
jw02731001001_02105_00002_nrca2,jw02731001001_02105_00002_nrca2_i2d.fits,I2D,F200W,CLEAR,nrca2,1,2,118480320,ok,C:\data\jwst_i2d\mastDownload\JWST\jw02731001001_02105_00002_nrca2\jw02731001001_02105_00002_nrca2_i2d.fits
jw02731001001_02105_00002_nrca3,jw02731001001_02105_00002_nrca3_i2d.fits,I2D,F200W,CLEAR,nrca3,1,2,119105280,ok,C:\data\jwst_i2d\mastDownload\JWST\jw02731001001_02105_00002_nrca3\jw02731001001_02105_00002_nrca3_i2d.fits
jw02731001001_02105_00002_nrca4,jw02731001001_02105_00002_nrca4_i2d.fits,I2D,F200W,CLEAR,nrca4,1,2,118702080,ok,C:\data\jwst_i2d\mastDownload\JWST\jw02731001001_02105_00002_nrca4\jw02731001001_02105_00002_nrca4_i2d.fits
jw02731001001_02105_00002_nrcb1,jw02731001001_02105_00002_nrcb1_i2d.fits,I2D,F200W,CLEAR,nrcb1,1,2,118480320,ok,C:\data\jwst_i2d\mastDownload\JWST\jw02731001001_02105_00002_nrcb1\jw02731001001_02105_00002_nrcb1_i2d.fits
jw02731001001_02105_00002_nrcb3,jw02731001001_02105_00002_nrcb3_i2d.fits,I2D,F200W,CLEAR,nrcb3,1,2,118702080,ok,C:\data\jwst_i2d\mastDownload\JWST\jw02731001001_02105_00002_nrcb3\jw02731001001_02105_00002_nrcb3_i2d.fits
jw02731001001_02105_00002_nrcb4,jw02731001001_02105_00002_nrcb4_i2d.fits,I2D,F200W,CLEAR,nrcb4,1,2,119044800,ok,C:\data\jwst_i2d\mastDownload\JWST\jw02731001001_02105_00002_nrcb4\jw02731001001_02105_00002_nrcb4_i2d.fits
jw02731001001_02105_00003_nrca1,jw02731001001_02105_00003_nrca1_i2d.fits,I2D,F200W,CLEAR,nrca1,1,3,118702080,ok,C:\data\jwst_i2d\mastDownload\JWST\jw02731001001_02105_00003_nrca1\jw02731001001_02105_00003_nrca1_i2d.fits
jw02731001001_02105_00003_nrcb1,jw02731001001_02105_00003_nrcb1_i2d.fits,I2D,F200W,CLEAR,nrcb1,1,3,118480320,ok,C:\data\jwst_i2d\mastDownload\JWST\jw02731001001_02105_00003_nrcb1\jw02731001001_02105_00003_nrcb1_i2d.fits
jw02731001001_02105_00003_nrcb2,jw02731001001_02105_00003_nrcb2_i2d.fits,I2D,F200W,CLEAR,nrcb2,1,3,118702080,ok,C:\data\jwst_i2d\mastDownload\JWST\jw02731001001_02105_00003_nrcb2\jw02731001001_02105_00003_nrcb2_i2d.fits
jw02731001001_02105_00003_nrcb3,jw02731001001_02105_00003_nrcb3_i2d.fits,I2D,F200W,CLEAR,nrcb3,1,3,118702080,ok,C:\data\jwst_i2d\mastDownload\JWST\jw02731001001_02105_00003_nrcb3\jw02731001001_02105_00003_nrcb3_i2d.fits
jw02731001001_02105_00003_nrcb4,jw02731001001_02105_00003_nrcb4_i2d.fits,I2D,F200W,CLEAR,nrcb4,1,3,119044800,ok,C:\data\jwst_i2d\mastDownload\JWST\jw02731001001_02105_00003_nrcb4\jw02731001001_02105_00003_nrcb4_i2d.fits
jw02731001001_02105_00004_nrca1,jw02731001001_02105_00004_nrca1_i2d.fits,I2D,F200W,CLEAR,nrca1,1,4,118702080,ok,C:\data\jwst_i2d\mastDownload\JWST\jw02731001001_02105_00004_nrca1\jw02731001001_02105_00004_nrca1_i2d.fits
jw02731001001_02105_00004_nrca2,jw02731001001_02105_00004_nrca2_i2d.fits,I2D,F200W,CLEAR,nrca2,1,4,118480320,ok,C:\data\jwst_i2d\mastDownload\JWST\jw02731001001_02105_00004_nrca2\jw02731001001_02105_00004_nrca2_i2d.fits
jw02731001001_02105_00004_nrca3,jw02731001001_02105_00004_nrca3_i2d.fits,I2D,F200W,CLEAR,nrca3,1,4,119105280,ok,C:\data\jwst_i2d\mastDownload\JWST\jw02731001001_02105_00004_nrca3\jw02731001001_02105_00004_nrca3_i2d.fits
jw02731001001_02105_00004_nrca4,jw02731001001_02105_00004_nrca4_i2d.fits,I2D,F200W,CLEAR,nrca4,1,4,118702080,ok,C:\data\jwst_i2d\mastDownload\JWST\jw02731001001_02105_00004_nrca4\jw02731001001_02105_00004_nrca4_i2d.fits
jw02731001001_02105_00004_nrcb2,jw02731001001_02105_00004_nrcb2_i2d.fits,I2D,F200W,CLEAR,nrcb2,1,4,118702080,ok,C:\data\jwst_i2d\mastDownload\JWST\jw02731001001_02105_00004_nrcb2\jw02731001001_02105_00004_nrcb2_i2d.fits
jw02731001001_02105_00004_nrcb3,jw02731001001_02105_00004_nrcb3_i2d.fits,I2D,F200W,CLEAR,nrcb3,1,4,118702080,ok,C:\data\jwst_i2d\mastDownload\JWST\jw02731001001_02105_00004_nrcb3\jw02731001001_02105_00004_nrcb3_i2d.fits
jw02731001001_02105_00004_nrcb4,jw02731001001_02105_00004_nrcb4_i2d.fits,I2D,F200W,CLEAR,nrcb4,1,4,119044800,ok,C:\data\jwst_i2d\mastDownload\JWST\jw02731001001_02105_00004_nrcb4\jw02731001001_02105_00004_nrcb4_i2d.fits
jw02731001001_02105_00005_nrca1,jw02731001001_02105_00005_nrca1_i2d.fits,I2D,F200W,CLEAR,nrca1,1,5,118702080,ok,C:\data\jwst_i2d\mastDownload\JWST\jw02731001001_02105_00005_nrca1\jw02731001001_02105_00005_nrca1_i2d.fits
jw02731001001_02105_00005_nrca2,jw02731001001_02105_00005_nrca2_i2d.fits,I2D,F200W,CLEAR,nrca2,1,5,118480320,ok,C:\data\jwst_i2d\mastDownload\JWST\jw02731001001_02105_00005_nrca2\jw02731001001_02105_00005_nrca2_i2d.fits
jw02731001001_02105_00005_nrca3,jw02731001001_02105_00005_nrca3_i2d.fits,I2D,F200W,CLEAR,nrca3,1,5,119105280,ok,C:\data\jwst_i2d\mastDownload\JWST\jw02731001001_02105_00005_nrca3\jw02731001001_02105_00005_nrca3_i2d.fits
jw02731001001_02105_00005_nrca4,jw02731001001_02105_00005_nrca4_i2d.fits,I2D,F200W,CLEAR,nrca4,1,5,118702080,ok,C:\data\jwst_i2d\mastDownload\JWST\jw02731001001_02105_00005_nrca4\jw02731001001_02105_00005_nrca4_i2d.fits
jw02731001001_02105_00005_nrcb1,jw02731001001_02105_00005_nrcb1_i2d.fits,I2D,F200W,CLEAR,nrcb1,1,5,118480320,ok,C:\data\jwst_i2d\mastDownload\JWST\jw02731001001_02105_00005_nrcb1\jw02731001001_02105_00005_nrcb1_i2d.fits
jw02731001001_02105_00005_nrcb2,jw02731001001_02105_00005_nrcb2_i2d.fits,I2D,F200W,CLEAR,nrcb2,1,5,118702080,ok,C:\data\jwst_i2d\mastDownload\JWST\jw02731001001_02105_00005_nrcb2\jw02731001001_02105_00005_nrcb2_i2d.fits
jw02731001001_02105_00005_nrcb3,jw02731001001_02105_00005_nrcb3_i2d.fits,I2D,F200W,CLEAR,nrcb3,1,5,118702080,ok,C:\data\jwst_i2d\mastDownload\JWST\jw02731001001_02105_00005_nrcb3\jw02731001001_02105_00005_nrcb3_i2d.fits
jw02731001002_02105_00001_nrca1,jw02731001002_02105_00001_nrca1_i2d.fits,I2D,F200W,CLEAR,nrca1,2,1,118702080,ok,C:\data\jwst_i2d\mastDownload\JWST\jw02731001002_02105_00001_nrca1\jw02731001002_02105_00001_nrca1_i2d.fits
jw02731001002_02105_00003_nrca1,jw02731001002_02105_00003_nrca1_i2d.fits,I2D,F200W,CLEAR,nrca1,2,3,118702080,ok,C:\data\jwst_i2d\mastDownload\JWST\jw02731001002_02105_00003_nrca1\jw02731001002_02105_00003_nrca1_i2d.fits
jw02731001002_02105_00003_nrca2,jw02731001002_02105_00003_nrca2_i2d.fits,I2D,F200W,CLEAR,nrca2,2,3,118480320,ok,C:\data\jwst_i2d\mastDownload\JWST\jw02731001002_02105_00003_nrca2\jw02731001002_02105_00003_nrca2_i2d.fits
jw02731001002_02105_00004_nrcb2,jw02731001002_02105_00004_nrcb2_i2d.fits,I2D,F200W,CLEAR,nrcb2,2,4,118702080,ok,C:\data\jwst_i2d\mastDownload\JWST\jw02731001002_02105_00004_nrcb2\jw02731001002_02105_00004_nrcb2_i2d.fits
jw02731001002_02105_00004_nrcb3,jw02731001002_02105_00004_nrcb3_i2d.fits,I2D,F200W,CLEAR,nrcb3,2,4,118702080,ok,C:\data\jwst_i2d\mastDownload\JWST\jw02731001002_02105_00004_nrcb3\jw02731001002_02105_00004_nrcb3_i2d.fits
jw02731-o001_t017_nircam_clear-f444w,jw02731-o001_t017_nircam_clear-f444w_i2d.fits,I2D,F444W,CLEAR,combined,0,0,0,missing,
jw02731-o001_t017_nircam_f444w-f470n,jw02731-o001_t017_nircam_f444w-f470n_i2d.fits,I2D,F444W,F470N,combined,0,0,0,missing,
jw02731001001_02101_00001_nrca1,jw02731001001_02101_00001_nrca1_i2d.fits,I2D,F187N,CLEAR,nrca1,1,1,0,missing,
jw02731001001_02101_00001_nrca2,jw02731001001_02101_00001_nrca2_i2d.fits,I2D,F187N,CLEAR,nrca2,1,1,0,missing,
jw02731001001_02101_00001_nrca3,jw02731001001_02101_00001_nrca3_i2d.fits,I2D,F187N,CLEAR,nrca3,1,1,0,missing,
jw02731001001_02101_00001_nrca4,jw02731001001_02101_00001_nrca4_i2d.fits,I2D,F187N,CLEAR,nrca4,1,1,0,missing,
jw02731001001_02101_00001_nrcalong,jw02731001001_02101_00001_nrcalong_i2d.fits,I2D,F444W,F470N,nrcalong,1,1,0,missing,
jw02731001001_02101_00001_nrcb1,jw02731001001_02101_00001_nrcb1_i2d.fits,I2D,F187N,CLEAR,nrcb1,1,1,0,missing,
jw02731001001_02101_00001_nrcb2,jw02731001001_02101_00001_nrcb2_i2d.fits,I2D,F187N,CLEAR,nrcb2,1,1,0,missing,
jw02731001001_02101_00001_nrcb3,jw02731001001_02101_00001_nrcb3_i2d.fits,I2D,F187N,CLEAR,nrcb3,1,1,0,missing,
jw02731001001_02101_00001_nrcb4,jw02731001001_02101_00001_nrcb4_i2d.fits,I2D,F187N,CLEAR,nrcb4,1,1,0,missing,
jw02731001001_02101_00001_nrcblong,jw02731001001_02101_00001_nrcblong_i2d.fits,I2D,F444W,F470N,nrcblong,1,1,0,missing,
jw02731001001_02101_00002_nrca1,jw02731001001_02101_00002_nrca1_i2d.fits,I2D,F187N,CLEAR,nrca1,1,2,0,missing,
jw02731001001_02101_00002_nrca2,jw02731001001_02101_00002_nrca2_i2d.fits,I2D,F187N,CLEAR,nrca2,1,2,0,missing,
jw02731001001_02101_00002_nrca3,jw02731001001_02101_00002_nrca3_i2d.fits,I2D,F187N,CLEAR,nrca3,1,2,0,missing,
jw02731001001_02101_00002_nrca4,jw02731001001_02101_00002_nrca4_i2d.fits,I2D,F187N,CLEAR,nrca4,1,2,0,missing,
jw02731001001_02101_00002_nrcalong,jw02731001001_02101_00002_nrcalong_i2d.fits,I2D,F444W,F470N,nrcalong,1,2,0,missing,
jw02731001001_02101_00002_nrcb1,jw02731001001_02101_00002_nrcb1_i2d.fits,I2D,F187N,CLEAR,nrcb1,1,2,0,missing,
jw02731001001_02101_00002_nrcb2,jw02731001001_02101_00002_nrcb2_i2d.fits,I2D,F187N,CLEAR,nrcb2,1,2,0,missing,
jw02731001001_02101_00002_nrcb3,jw02731001001_02101_00002_nrcb3_i2d.fits,I2D,F187N,CLEAR,nrcb3,1,2,0,missing,
jw02731001001_02101_00002_nrcb4,jw02731001001_02101_00002_nrcb4_i2d.fits,I2D,F187N,CLEAR,nrcb4,1,2,0,missing,
jw02731001001_02101_00002_nrcblong,jw02731001001_02101_00002_nrcblong_i2d.fits,I2D,F444W,F470N,nrcblong,1,2,0,missing,
jw02731001001_02101_00003_nrca1,jw02731001001_02101_00003_nrca1_i2d.fits,I2D,F187N,CLEAR,nrca1,1,3,0,missing,
jw02731001001_02101_00003_nrca2,jw02731001001_02101_00003_nrca2_i2d.fits,I2D,F187N,CLEAR,nrca2,1,3,0,missing,
jw02731001001_02101_00003_nrca3,jw02731001001_02101_00003_nrca3_i2d.fits,I2D,F187N,CLEAR,nrca3,1,3,0,missing,
jw02731001001_02101_00003_nrca4,jw02731001001_02101_00003_nrca4_i2d.fits,I2D,F187N,CLEAR,nrca4,1,3,0,missing,
jw02731001001_02101_00003_nrcalong,jw02731001001_02101_00003_nrcalong_i2d.fits,I2D,F444W,F470N,nrcalong,1,3,0,missing,
jw02731001001_02101_00003_nrcb1,jw02731001001_02101_00003_nrcb1_i2d.fits,I2D,F187N,CLEAR,nrcb1,1,3,0,missing,
jw02731001001_02101_00003_nrcb2,jw02731001001_02101_00003_nrcb2_i2d.fits,I2D,F187N,CLEAR,nrcb2,1,3,0,missing,
jw02731001001_02101_00003_nrcb3,jw02731001001_02101_00003_nrcb3_i2d.fits,I2D,F187N,CLEAR,nrcb3,1,3,0,missing,
jw02731001001_02101_00003_nrcb4,jw02731001001_02101_00003_nrcb4_i2d.fits,I2D,F187N,CLEAR,nrcb4,1,3,0,missing,
jw02731001001_02101_00003_nrcblong,jw02731001001_02101_00003_nrcblong_i2d.fits,I2D,F444W,F470N,nrcblong,1,3,0,missing,
jw02731001001_02101_00004_nrca1,jw02731001001_02101_00004_nrca1_i2d.fits,I2D,F187N,CLEAR,nrca1,1,4,0,missing,
jw02731001001_02101_00004_nrca2,jw02731001001_02101_00004_nrca2_i2d.fits,I2D,F187N,CLEAR,nrca2,1,4,0,missing,
jw02731001001_02101_00004_nrca3,jw02731001001_02101_00004_nrca3_i2d.fits,I2D,F187N,CLEAR,nrca3,1,4,0,missing,
jw02731001001_02101_00004_nrca4,jw02731001001_02101_00004_nrca4_i2d.fits,I2D,F187N,CLEAR,nrca4,1,4,0,missing,
jw02731001001_02101_00004_nrcalong,jw02731001001_02101_00004_nrcalong_i2d.fits,I2D,F444W,F470N,nrcalong,1,4,0,missing,
jw02731001001_02101_00004_nrcb1,jw02731001001_02101_00004_nrcb1_i2d.fits,I2D,F187N,CLEAR,nrcb1,1,4,0,missing,
jw02731001001_02101_00004_nrcb2,jw02731001001_02101_00004_nrcb2_i2d.fits,I2D,F187N,CLEAR,nrcb2,1,4,0,missing,
jw02731001001_02101_00004_nrcb3,jw02731001001_02101_00004_nrcb3_i2d.fits,I2D,F187N,CLEAR,nrcb3,1,4,0,missing,
jw02731001001_02101_00004_nrcb4,jw02731001001_02101_00004_nrcb4_i2d.fits,I2D,F187N,CLEAR,nrcb4,1,4,0,missing,
jw02731001001_02101_00004_nrcblong,jw02731001001_02101_00004_nrcblong_i2d.fits,I2D,F444W,F470N,nrcblong,1,4,0,missing,
jw02731001001_02101_00005_nrca1,jw02731001001_02101_00005_nrca1_i2d.fits,I2D,F187N,CLEAR,nrca1,1,5,0,missing,
jw02731001001_02101_00005_nrca2,jw02731001001_02101_00005_nrca2_i2d.fits,I2D,F187N,CLEAR,nrca2,1,5,0,missing,
jw02731001001_02101_00005_nrca3,jw02731001001_02101_00005_nrca3_i2d.fits,I2D,F187N,CLEAR,nrca3,1,5,0,missing,
jw02731001001_02101_00005_nrca4,jw02731001001_02101_00005_nrca4_i2d.fits,I2D,F187N,CLEAR,nrca4,1,5,0,missing,
jw02731001001_02101_00005_nrcalong,jw02731001001_02101_00005_nrcalong_i2d.fits,I2D,F444W,F470N,nrcalong,1,5,0,missing,
jw02731001001_02101_00005_nrcb1,jw02731001001_02101_00005_nrcb1_i2d.fits,I2D,F187N,CLEAR,nrcb1,1,5,0,missing,
jw02731001001_02101_00005_nrcb2,jw02731001001_02101_00005_nrcb2_i2d.fits,I2D,F187N,CLEAR,nrcb2,1,5,0,missing,
jw02731001001_02101_00005_nrcb3,jw02731001001_02101_00005_nrcb3_i2d.fits,I2D,F187N,CLEAR,nrcb3,1,5,0,missing,
jw02731001001_02101_00005_nrcb4,jw02731001001_02101_00005_nrcb4_i2d.fits,I2D,F187N,CLEAR,nrcb4,1,5,0,missing,
jw02731001001_02101_00005_nrcblong,jw02731001001_02101_00005_nrcblong_i2d.fits,I2D,F444W,F470N,nrcblong,1,5,0,missing,
jw02731001001_02103_00001_nrca1,jw02731001001_02103_00001_nrca1_i2d.fits,I2D,F090W,CLEAR,nrca1,1,1,0,missing,
jw02731001001_02103_00001_nrca2,jw02731001001_02103_00001_nrca2_i2d.fits,I2D,F090W,CLEAR,nrca2,1,1,0,missing,
jw02731001001_02103_00001_nrca3,jw02731001001_02103_00001_nrca3_i2d.fits,I2D,F090W,CLEAR,nrca3,1,1,0,missing,
jw02731001001_02103_00001_nrca4,jw02731001001_02103_00001_nrca4_i2d.fits,I2D,F090W,CLEAR,nrca4,1,1,0,missing,
jw02731001001_02103_00001_nrcalong,jw02731001001_02103_00001_nrcalong_i2d.fits,I2D,F335M,CLEAR,nrcalong,1,1,0,missing,
jw02731001001_02103_00001_nrcb1,jw02731001001_02103_00001_nrcb1_i2d.fits,I2D,F090W,CLEAR,nrcb1,1,1,0,missing,
jw02731001001_02103_00001_nrcb2,jw02731001001_02103_00001_nrcb2_i2d.fits,I2D,F090W,CLEAR,nrcb2,1,1,0,missing,
jw02731001001_02103_00001_nrcb3,jw02731001001_02103_00001_nrcb3_i2d.fits,I2D,F090W,CLEAR,nrcb3,1,1,0,missing,
jw02731001001_02103_00001_nrcb4,jw02731001001_02103_00001_nrcb4_i2d.fits,I2D,F090W,CLEAR,nrcb4,1,1,0,missing,
jw02731001001_02103_00001_nrcblong,jw02731001001_02103_00001_nrcblong_i2d.fits,I2D,F335M,CLEAR,nrcblong,1,1,0,missing,
jw02731001001_02103_00002_nrca1,jw02731001001_02103_00002_nrca1_i2d.fits,I2D,F090W,CLEAR,nrca1,1,2,0,missing,
jw02731001001_02103_00002_nrca2,jw02731001001_02103_00002_nrca2_i2d.fits,I2D,F090W,CLEAR,nrca2,1,2,0,missing,
jw02731001001_02103_00002_nrca3,jw02731001001_02103_00002_nrca3_i2d.fits,I2D,F090W,CLEAR,nrca3,1,2,0,missing,
jw02731001001_02103_00002_nrca4,jw02731001001_02103_00002_nrca4_i2d.fits,I2D,F090W,CLEAR,nrca4,1,2,0,missing,
jw02731001001_02103_00002_nrcalong,jw02731001001_02103_00002_nrcalong_i2d.fits,I2D,F335M,CLEAR,nrcalong,1,2,0,missing,
jw02731001001_02103_00002_nrcb1,jw02731001001_02103_00002_nrcb1_i2d.fits,I2D,F090W,CLEAR,nrcb1,1,2,0,missing,
jw02731001001_02103_00002_nrcb2,jw02731001001_02103_00002_nrcb2_i2d.fits,I2D,F090W,CLEAR,nrcb2,1,2,0,missing,
jw02731001001_02103_00002_nrcb3,jw02731001001_02103_00002_nrcb3_i2d.fits,I2D,F090W,CLEAR,nrcb3,1,2,0,missing,
jw02731001001_02103_00002_nrcb4,jw02731001001_02103_00002_nrcb4_i2d.fits,I2D,F090W,CLEAR,nrcb4,1,2,0,missing,
jw02731001001_02103_00002_nrcblong,jw02731001001_02103_00002_nrcblong_i2d.fits,I2D,F335M,CLEAR,nrcblong,1,2,0,missing,
jw02731001001_02103_00003_nrca1,jw02731001001_02103_00003_nrca1_i2d.fits,I2D,F090W,CLEAR,nrca1,1,3,0,missing,
jw02731001001_02103_00003_nrca2,jw02731001001_02103_00003_nrca2_i2d.fits,I2D,F090W,CLEAR,nrca2,1,3,0,missing,
jw02731001001_02103_00003_nrca3,jw02731001001_02103_00003_nrca3_i2d.fits,I2D,F090W,CLEAR,nrca3,1,3,0,missing,
jw02731001001_02103_00003_nrca4,jw02731001001_02103_00003_nrca4_i2d.fits,I2D,F090W,CLEAR,nrca4,1,3,0,missing,
jw02731001001_02103_00003_nrcalong,jw02731001001_02103_00003_nrcalong_i2d.fits,I2D,F335M,CLEAR,nrcalong,1,3,0,missing,
jw02731001001_02103_00003_nrcb1,jw02731001001_02103_00003_nrcb1_i2d.fits,I2D,F090W,CLEAR,nrcb1,1,3,0,missing,
jw02731001001_02103_00003_nrcb2,jw02731001001_02103_00003_nrcb2_i2d.fits,I2D,F090W,CLEAR,nrcb2,1,3,0,missing,
jw02731001001_02103_00003_nrcb3,jw02731001001_02103_00003_nrcb3_i2d.fits,I2D,F090W,CLEAR,nrcb3,1,3,0,missing,
jw02731001001_02103_00003_nrcb4,jw02731001001_02103_00003_nrcb4_i2d.fits,I2D,F090W,CLEAR,nrcb4,1,3,0,missing,
jw02731001001_02103_00003_nrcblong,jw02731001001_02103_00003_nrcblong_i2d.fits,I2D,F335M,CLEAR,nrcblong,1,3,0,missing,
jw02731001001_02103_00004_nrca1,jw02731001001_02103_00004_nrca1_i2d.fits,I2D,F090W,CLEAR,nrca1,1,4,0,missing,
jw02731001001_02103_00004_nrca2,jw02731001001_02103_00004_nrca2_i2d.fits,I2D,F090W,CLEAR,nrca2,1,4,0,missing,
jw02731001001_02103_00004_nrca3,jw02731001001_02103_00004_nrca3_i2d.fits,I2D,F090W,CLEAR,nrca3,1,4,0,missing,
jw02731001001_02103_00004_nrca4,jw02731001001_02103_00004_nrca4_i2d.fits,I2D,F090W,CLEAR,nrca4,1,4,0,missing,
jw02731001001_02103_00004_nrcalong,jw02731001001_02103_00004_nrcalong_i2d.fits,I2D,F335M,CLEAR,nrcalong,1,4,0,missing,
jw02731001001_02103_00004_nrcb1,jw02731001001_02103_00004_nrcb1_i2d.fits,I2D,F090W,CLEAR,nrcb1,1,4,0,missing,
jw02731001001_02103_00004_nrcb2,jw02731001001_02103_00004_nrcb2_i2d.fits,I2D,F090W,CLEAR,nrcb2,1,4,0,missing,
jw02731001001_02103_00004_nrcb3,jw02731001001_02103_00004_nrcb3_i2d.fits,I2D,F090W,CLEAR,nrcb3,1,4,0,missing,
jw02731001001_02103_00004_nrcb4,jw02731001001_02103_00004_nrcb4_i2d.fits,I2D,F090W,CLEAR,nrcb4,1,4,0,missing,
jw02731001001_02103_00004_nrcblong,jw02731001001_02103_00004_nrcblong_i2d.fits,I2D,F335M,CLEAR,nrcblong,1,4,0,missing,
jw02731001001_02103_00005_nrca1,jw02731001001_02103_00005_nrca1_i2d.fits,I2D,F090W,CLEAR,nrca1,1,5,0,missing,
jw02731001001_02103_00005_nrca2,jw02731001001_02103_00005_nrca2_i2d.fits,I2D,F090W,CLEAR,nrca2,1,5,0,missing,
jw02731001001_02103_00005_nrca3,jw02731001001_02103_00005_nrca3_i2d.fits,I2D,F090W,CLEAR,nrca3,1,5,0,missing,
jw02731001001_02103_00005_nrca4,jw02731001001_02103_00005_nrca4_i2d.fits,I2D,F090W,CLEAR,nrca4,1,5,0,missing,
jw02731001001_02103_00005_nrcalong,jw02731001001_02103_00005_nrcalong_i2d.fits,I2D,F335M,CLEAR,nrcalong,1,5,0,missing,
jw02731001001_02103_00005_nrcb1,jw02731001001_02103_00005_nrcb1_i2d.fits,I2D,F090W,CLEAR,nrcb1,1,5,0,missing,
jw02731001001_02103_00005_nrcb2,jw02731001001_02103_00005_nrcb2_i2d.fits,I2D,F090W,CLEAR,nrcb2,1,5,0,missing,
jw02731001001_02103_00005_nrcb3,jw02731001001_02103_00005_nrcb3_i2d.fits,I2D,F090W,CLEAR,nrcb3,1,5,0,missing,
jw02731001001_02103_00005_nrcb4,jw02731001001_02103_00005_nrcb4_i2d.fits,I2D,F090W,CLEAR,nrcb4,1,5,0,missing,
jw02731001001_02103_00005_nrcblong,jw02731001001_02103_00005_nrcblong_i2d.fits,I2D,F335M,CLEAR,nrcblong,1,5,0,missing,
jw02731001001_02105_00001_nrca3,jw02731001001_02105_00001_nrca3_i2d.fits,I2D,F200W,CLEAR,nrca3,1,1,0,missing,
jw02731001001_02105_00001_nrcalong,jw02731001001_02105_00001_nrcalong_i2d.fits,I2D,F444W,CLEAR,nrcalong,1,1,0,missing,
jw02731001001_02105_00001_nrcb4,jw02731001001_02105_00001_nrcb4_i2d.fits,I2D,F200W,CLEAR,nrcb4,1,1,0,missing,
jw02731001001_02105_00001_nrcblong,jw02731001001_02105_00001_nrcblong_i2d.fits,I2D,F444W,CLEAR,nrcblong,1,1,0,missing,
jw02731001001_02105_00002_nrcalong,jw02731001001_02105_00002_nrcalong_i2d.fits,I2D,F444W,CLEAR,nrcalong,1,2,0,missing,
jw02731001001_02105_00002_nrcb2,jw02731001001_02105_00002_nrcb2_i2d.fits,I2D,F200W,CLEAR,nrcb2,1,2,0,missing,
jw02731001001_02105_00002_nrcblong,jw02731001001_02105_00002_nrcblong_i2d.fits,I2D,F444W,CLEAR,nrcblong,1,2,0,missing,
jw02731001001_02105_00003_nrca2,jw02731001001_02105_00003_nrca2_i2d.fits,I2D,F200W,CLEAR,nrca2,1,3,0,missing,
jw02731001001_02105_00003_nrca3,jw02731001001_02105_00003_nrca3_i2d.fits,I2D,F200W,CLEAR,nrca3,1,3,0,missing,
jw02731001001_02105_00003_nrca4,jw02731001001_02105_00003_nrca4_i2d.fits,I2D,F200W,CLEAR,nrca4,1,3,0,missing,
jw02731001001_02105_00003_nrcalong,jw02731001001_02105_00003_nrcalong_i2d.fits,I2D,F444W,CLEAR,nrcalong,1,3,0,missing,
jw02731001001_02105_00003_nrcblong,jw02731001001_02105_00003_nrcblong_i2d.fits,I2D,F444W,CLEAR,nrcblong,1,3,0,missing,
jw02731001001_02105_00004_nrcalong,jw02731001001_02105_00004_nrcalong_i2d.fits,I2D,F444W,CLEAR,nrcalong,1,4,0,missing,
jw02731001001_02105_00004_nrcb1,jw02731001001_02105_00004_nrcb1_i2d.fits,I2D,F200W,CLEAR,nrcb1,1,4,0,missing,
jw02731001001_02105_00004_nrcblong,jw02731001001_02105_00004_nrcblong_i2d.fits,I2D,F444W,CLEAR,nrcblong,1,4,0,missing,
jw02731001001_02105_00005_nrcalong,jw02731001001_02105_00005_nrcalong_i2d.fits,I2D,F444W,CLEAR,nrcalong,1,5,0,missing,
jw02731001001_02105_00005_nrcb4,jw02731001001_02105_00005_nrcb4_i2d.fits,I2D,F200W,CLEAR,nrcb4,1,5,0,missing,
jw02731001001_02105_00005_nrcblong,jw02731001001_02105_00005_nrcblong_i2d.fits,I2D,F444W,CLEAR,nrcblong,1,5,0,missing,
jw02731001002_02101_00001_nrca1,jw02731001002_02101_00001_nrca1_i2d.fits,I2D,F187N,CLEAR,nrca1,2,1,0,missing,
jw02731001002_02101_00001_nrca2,jw02731001002_02101_00001_nrca2_i2d.fits,I2D,F187N,CLEAR,nrca2,2,1,0,missing,
jw02731001002_02101_00001_nrca3,jw02731001002_02101_00001_nrca3_i2d.fits,I2D,F187N,CLEAR,nrca3,2,1,0,missing,
jw02731001002_02101_00001_nrca4,jw02731001002_02101_00001_nrca4_i2d.fits,I2D,F187N,CLEAR,nrca4,2,1,0,missing,
jw02731001002_02101_00001_nrcalong,jw02731001002_02101_00001_nrcalong_i2d.fits,I2D,F444W,F470N,nrcalong,2,1,0,missing,
jw02731001002_02101_00001_nrcb1,jw02731001002_02101_00001_nrcb1_i2d.fits,I2D,F187N,CLEAR,nrcb1,2,1,0,missing,
jw02731001002_02101_00001_nrcb2,jw02731001002_02101_00001_nrcb2_i2d.fits,I2D,F187N,CLEAR,nrcb2,2,1,0,missing,
jw02731001002_02101_00001_nrcb3,jw02731001002_02101_00001_nrcb3_i2d.fits,I2D,F187N,CLEAR,nrcb3,2,1,0,missing,
jw02731001002_02101_00001_nrcb4,jw02731001002_02101_00001_nrcb4_i2d.fits,I2D,F187N,CLEAR,nrcb4,2,1,0,missing,
jw02731001002_02101_00001_nrcblong,jw02731001002_02101_00001_nrcblong_i2d.fits,I2D,F444W,F470N,nrcblong,2,1,0,missing,
jw02731001002_02101_00002_nrca1,jw02731001002_02101_00002_nrca1_i2d.fits,I2D,F187N,CLEAR,nrca1,2,2,0,missing,
jw02731001002_02101_00002_nrca2,jw02731001002_02101_00002_nrca2_i2d.fits,I2D,F187N,CLEAR,nrca2,2,2,0,missing,
jw02731001002_02101_00002_nrca3,jw02731001002_02101_00002_nrca3_i2d.fits,I2D,F187N,CLEAR,nrca3,2,2,0,missing,
jw02731001002_02101_00002_nrca4,jw02731001002_02101_00002_nrca4_i2d.fits,I2D,F187N,CLEAR,nrca4,2,2,0,missing,
jw02731001002_02101_00002_nrcalong,jw02731001002_02101_00002_nrcalong_i2d.fits,I2D,F444W,F470N,nrcalong,2,2,0,missing,
jw02731001002_02101_00002_nrcb1,jw02731001002_02101_00002_nrcb1_i2d.fits,I2D,F187N,CLEAR,nrcb1,2,2,0,missing,
jw02731001002_02101_00002_nrcb2,jw02731001002_02101_00002_nrcb2_i2d.fits,I2D,F187N,CLEAR,nrcb2,2,2,0,missing,
jw02731001002_02101_00002_nrcb3,jw02731001002_02101_00002_nrcb3_i2d.fits,I2D,F187N,CLEAR,nrcb3,2,2,0,missing,
jw02731001002_02101_00002_nrcb4,jw02731001002_02101_00002_nrcb4_i2d.fits,I2D,F187N,CLEAR,nrcb4,2,2,0,missing,
jw02731001002_02101_00002_nrcblong,jw02731001002_02101_00002_nrcblong_i2d.fits,I2D,F444W,F470N,nrcblong,2,2,0,missing,
jw02731001002_02101_00003_nrca1,jw02731001002_02101_00003_nrca1_i2d.fits,I2D,F187N,CLEAR,nrca1,2,3,0,missing,
jw02731001002_02101_00003_nrca2,jw02731001002_02101_00003_nrca2_i2d.fits,I2D,F187N,CLEAR,nrca2,2,3,0,missing,
jw02731001002_02101_00003_nrca3,jw02731001002_02101_00003_nrca3_i2d.fits,I2D,F187N,CLEAR,nrca3,2,3,0,missing,
jw02731001002_02101_00003_nrca4,jw02731001002_02101_00003_nrca4_i2d.fits,I2D,F187N,CLEAR,nrca4,2,3,0,missing,
jw02731001002_02101_00003_nrcalong,jw02731001002_02101_00003_nrcalong_i2d.fits,I2D,F444W,F470N,nrcalong,2,3,0,missing,
jw02731001002_02101_00003_nrcb1,jw02731001002_02101_00003_nrcb1_i2d.fits,I2D,F187N,CLEAR,nrcb1,2,3,0,missing,
jw02731001002_02101_00003_nrcb2,jw02731001002_02101_00003_nrcb2_i2d.fits,I2D,F187N,CLEAR,nrcb2,2,3,0,missing,
jw02731001002_02101_00003_nrcb3,jw02731001002_02101_00003_nrcb3_i2d.fits,I2D,F187N,CLEAR,nrcb3,2,3,0,missing,
jw02731001002_02101_00003_nrcb4,jw02731001002_02101_00003_nrcb4_i2d.fits,I2D,F187N,CLEAR,nrcb4,2,3,0,missing,
jw02731001002_02101_00003_nrcblong,jw02731001002_02101_00003_nrcblong_i2d.fits,I2D,F444W,F470N,nrcblong,2,3,0,missing,
jw02731001002_02101_00004_nrca1,jw02731001002_02101_00004_nrca1_i2d.fits,I2D,F187N,CLEAR,nrca1,2,4,0,missing,
jw02731001002_02101_00004_nrca2,jw02731001002_02101_00004_nrca2_i2d.fits,I2D,F187N,CLEAR,nrca2,2,4,0,missing,
jw02731001002_02101_00004_nrca3,jw02731001002_02101_00004_nrca3_i2d.fits,I2D,F187N,CLEAR,nrca3,2,4,0,missing,
jw02731001002_02101_00004_nrca4,jw02731001002_02101_00004_nrca4_i2d.fits,I2D,F187N,CLEAR,nrca4,2,4,0,missing,
jw02731001002_02101_00004_nrcalong,jw02731001002_02101_00004_nrcalong_i2d.fits,I2D,F444W,F470N,nrcalong,2,4,0,missing,
jw02731001002_02101_00004_nrcb1,jw02731001002_02101_00004_nrcb1_i2d.fits,I2D,F187N,CLEAR,nrcb1,2,4,0,missing,
jw02731001002_02101_00004_nrcb2,jw02731001002_02101_00004_nrcb2_i2d.fits,I2D,F187N,CLEAR,nrcb2,2,4,0,missing,
jw02731001002_02101_00004_nrcb3,jw02731001002_02101_00004_nrcb3_i2d.fits,I2D,F187N,CLEAR,nrcb3,2,4,0,missing,
jw02731001002_02101_00004_nrcb4,jw02731001002_02101_00004_nrcb4_i2d.fits,I2D,F187N,CLEAR,nrcb4,2,4,0,missing,
jw02731001002_02101_00004_nrcblong,jw02731001002_02101_00004_nrcblong_i2d.fits,I2D,F444W,F470N,nrcblong,2,4,0,missing,
jw02731001002_02101_00005_nrca1,jw02731001002_02101_00005_nrca1_i2d.fits,I2D,F187N,CLEAR,nrca1,2,5,0,missing,
jw02731001002_02101_00005_nrca2,jw02731001002_02101_00005_nrca2_i2d.fits,I2D,F187N,CLEAR,nrca2,2,5,0,missing,
jw02731001002_02101_00005_nrca3,jw02731001002_02101_00005_nrca3_i2d.fits,I2D,F187N,CLEAR,nrca3,2,5,0,missing,
jw02731001002_02101_00005_nrca4,jw02731001002_02101_00005_nrca4_i2d.fits,I2D,F187N,CLEAR,nrca4,2,5,0,missing,
jw02731001002_02101_00005_nrcalong,jw02731001002_02101_00005_nrcalong_i2d.fits,I2D,F444W,F470N,nrcalong,2,5,0,missing,
jw02731001002_02101_00005_nrcb1,jw02731001002_02101_00005_nrcb1_i2d.fits,I2D,F187N,CLEAR,nrcb1,2,5,0,missing,
jw02731001002_02101_00005_nrcb2,jw02731001002_02101_00005_nrcb2_i2d.fits,I2D,F187N,CLEAR,nrcb2,2,5,0,missing,
jw02731001002_02101_00005_nrcb3,jw02731001002_02101_00005_nrcb3_i2d.fits,I2D,F187N,CLEAR,nrcb3,2,5,0,missing,
jw02731001002_02101_00005_nrcb4,jw02731001002_02101_00005_nrcb4_i2d.fits,I2D,F187N,CLEAR,nrcb4,2,5,0,missing,
jw02731001002_02101_00005_nrcblong,jw02731001002_02101_00005_nrcblong_i2d.fits,I2D,F444W,F470N,nrcblong,2,5,0,missing,
jw02731001002_02103_00001_nrca1,jw02731001002_02103_00001_nrca1_i2d.fits,I2D,F090W,CLEAR,nrca1,2,1,0,missing,
jw02731001002_02103_00001_nrca2,jw02731001002_02103_00001_nrca2_i2d.fits,I2D,F090W,CLEAR,nrca2,2,1,0,missing,
jw02731001002_02103_00001_nrca3,jw02731001002_02103_00001_nrca3_i2d.fits,I2D,F090W,CLEAR,nrca3,2,1,0,missing,
jw02731001002_02103_00001_nrca4,jw02731001002_02103_00001_nrca4_i2d.fits,I2D,F090W,CLEAR,nrca4,2,1,0,missing,
jw02731001002_02103_00001_nrcalong,jw02731001002_02103_00001_nrcalong_i2d.fits,I2D,F335M,CLEAR,nrcalong,2,1,0,missing,
jw02731001002_02103_00001_nrcb1,jw02731001002_02103_00001_nrcb1_i2d.fits,I2D,F090W,CLEAR,nrcb1,2,1,0,missing,
jw02731001002_02103_00001_nrcb2,jw02731001002_02103_00001_nrcb2_i2d.fits,I2D,F090W,CLEAR,nrcb2,2,1,0,missing,
jw02731001002_02103_00001_nrcb3,jw02731001002_02103_00001_nrcb3_i2d.fits,I2D,F090W,CLEAR,nrcb3,2,1,0,missing,
jw02731001002_02103_00001_nrcb4,jw02731001002_02103_00001_nrcb4_i2d.fits,I2D,F090W,CLEAR,nrcb4,2,1,0,missing,
jw02731001002_02103_00001_nrcblong,jw02731001002_02103_00001_nrcblong_i2d.fits,I2D,F335M,CLEAR,nrcblong,2,1,0,missing,
jw02731001002_02103_00002_nrca1,jw02731001002_02103_00002_nrca1_i2d.fits,I2D,F090W,CLEAR,nrca1,2,2,0,missing,
jw02731001002_02103_00002_nrca2,jw02731001002_02103_00002_nrca2_i2d.fits,I2D,F090W,CLEAR,nrca2,2,2,0,missing,
jw02731001002_02103_00002_nrca3,jw02731001002_02103_00002_nrca3_i2d.fits,I2D,F090W,CLEAR,nrca3,2,2,0,missing,
jw02731001002_02103_00002_nrca4,jw02731001002_02103_00002_nrca4_i2d.fits,I2D,F090W,CLEAR,nrca4,2,2,0,missing,
jw02731001002_02103_00002_nrcalong,jw02731001002_02103_00002_nrcalong_i2d.fits,I2D,F335M,CLEAR,nrcalong,2,2,0,missing,
jw02731001002_02103_00002_nrcb1,jw02731001002_02103_00002_nrcb1_i2d.fits,I2D,F090W,CLEAR,nrcb1,2,2,0,missing,
jw02731001002_02103_00002_nrcb2,jw02731001002_02103_00002_nrcb2_i2d.fits,I2D,F090W,CLEAR,nrcb2,2,2,0,missing,
jw02731001002_02103_00002_nrcb3,jw02731001002_02103_00002_nrcb3_i2d.fits,I2D,F090W,CLEAR,nrcb3,2,2,0,missing,
jw02731001002_02103_00002_nrcb4,jw02731001002_02103_00002_nrcb4_i2d.fits,I2D,F090W,CLEAR,nrcb4,2,2,0,missing,
jw02731001002_02103_00002_nrcblong,jw02731001002_02103_00002_nrcblong_i2d.fits,I2D,F335M,CLEAR,nrcblong,2,2,0,missing,
jw02731001002_02103_00003_nrca1,jw02731001002_02103_00003_nrca1_i2d.fits,I2D,F090W,CLEAR,nrca1,2,3,0,missing,
jw02731001002_02103_00003_nrca2,jw02731001002_02103_00003_nrca2_i2d.fits,I2D,F090W,CLEAR,nrca2,2,3,0,missing,
jw02731001002_02103_00003_nrca3,jw02731001002_02103_00003_nrca3_i2d.fits,I2D,F090W,CLEAR,nrca3,2,3,0,missing,
jw02731001002_02103_00003_nrca4,jw02731001002_02103_00003_nrca4_i2d.fits,I2D,F090W,CLEAR,nrca4,2,3,0,missing,
jw02731001002_02103_00003_nrcalong,jw02731001002_02103_00003_nrcalong_i2d.fits,I2D,F335M,CLEAR,nrcalong,2,3,0,missing,
jw02731001002_02103_00003_nrcb1,jw02731001002_02103_00003_nrcb1_i2d.fits,I2D,F090W,CLEAR,nrcb1,2,3,0,missing,
jw02731001002_02103_00003_nrcb2,jw02731001002_02103_00003_nrcb2_i2d.fits,I2D,F090W,CLEAR,nrcb2,2,3,0,missing,
jw02731001002_02103_00003_nrcb3,jw02731001002_02103_00003_nrcb3_i2d.fits,I2D,F090W,CLEAR,nrcb3,2,3,0,missing,
jw02731001002_02103_00003_nrcb4,jw02731001002_02103_00003_nrcb4_i2d.fits,I2D,F090W,CLEAR,nrcb4,2,3,0,missing,
jw02731001002_02103_00003_nrcblong,jw02731001002_02103_00003_nrcblong_i2d.fits,I2D,F335M,CLEAR,nrcblong,2,3,0,missing,
jw02731001002_02103_00004_nrca1,jw02731001002_02103_00004_nrca1_i2d.fits,I2D,F090W,CLEAR,nrca1,2,4,0,missing,
jw02731001002_02103_00004_nrca2,jw02731001002_02103_00004_nrca2_i2d.fits,I2D,F090W,CLEAR,nrca2,2,4,0,missing,
jw02731001002_02103_00004_nrca3,jw02731001002_02103_00004_nrca3_i2d.fits,I2D,F090W,CLEAR,nrca3,2,4,0,missing,
jw02731001002_02103_00004_nrca4,jw02731001002_02103_00004_nrca4_i2d.fits,I2D,F090W,CLEAR,nrca4,2,4,0,missing,
jw02731001002_02103_00004_nrcalong,jw02731001002_02103_00004_nrcalong_i2d.fits,I2D,F335M,CLEAR,nrcalong,2,4,0,missing,
jw02731001002_02103_00004_nrcb1,jw02731001002_02103_00004_nrcb1_i2d.fits,I2D,F090W,CLEAR,nrcb1,2,4,0,missing,
jw02731001002_02103_00004_nrcb2,jw02731001002_02103_00004_nrcb2_i2d.fits,I2D,F090W,CLEAR,nrcb2,2,4,0,missing,
jw02731001002_02103_00004_nrcb3,jw02731001002_02103_00004_nrcb3_i2d.fits,I2D,F090W,CLEAR,nrcb3,2,4,0,missing,
jw02731001002_02103_00004_nrcb4,jw02731001002_02103_00004_nrcb4_i2d.fits,I2D,F090W,CLEAR,nrcb4,2,4,0,missing,
jw02731001002_02103_00004_nrcblong,jw02731001002_02103_00004_nrcblong_i2d.fits,I2D,F335M,CLEAR,nrcblong,2,4,0,missing,
jw02731001002_02103_00005_nrca1,jw02731001002_02103_00005_nrca1_i2d.fits,I2D,F090W,CLEAR,nrca1,2,5,0,missing,
jw02731001002_02103_00005_nrca2,jw02731001002_02103_00005_nrca2_i2d.fits,I2D,F090W,CLEAR,nrca2,2,5,0,missing,
jw02731001002_02103_00005_nrca3,jw02731001002_02103_00005_nrca3_i2d.fits,I2D,F090W,CLEAR,nrca3,2,5,0,missing,
jw02731001002_02103_00005_nrca4,jw02731001002_02103_00005_nrca4_i2d.fits,I2D,F090W,CLEAR,nrca4,2,5,0,missing,
jw02731001002_02103_00005_nrcalong,jw02731001002_02103_00005_nrcalong_i2d.fits,I2D,F335M,CLEAR,nrcalong,2,5,0,missing,
jw02731001002_02103_00005_nrcb1,jw02731001002_02103_00005_nrcb1_i2d.fits,I2D,F090W,CLEAR,nrcb1,2,5,0,missing,
jw02731001002_02103_00005_nrcb2,jw02731001002_02103_00005_nrcb2_i2d.fits,I2D,F090W,CLEAR,nrcb2,2,5,0,missing,
jw02731001002_02103_00005_nrcb3,jw02731001002_02103_00005_nrcb3_i2d.fits,I2D,F090W,CLEAR,nrcb3,2,5,0,missing,
jw02731001002_02103_00005_nrcb4,jw02731001002_02103_00005_nrcb4_i2d.fits,I2D,F090W,CLEAR,nrcb4,2,5,0,missing,
jw02731001002_02103_00005_nrcblong,jw02731001002_02103_00005_nrcblong_i2d.fits,I2D,F335M,CLEAR,nrcblong,2,5,0,missing,
jw02731001002_02105_00001_nrca2,jw02731001002_02105_00001_nrca2_i2d.fits,I2D,F200W,CLEAR,nrca2,2,1,0,missing,
jw02731001002_02105_00001_nrca3,jw02731001002_02105_00001_nrca3_i2d.fits,I2D,F200W,CLEAR,nrca3,2,1,0,missing,
jw02731001002_02105_00001_nrca4,jw02731001002_02105_00001_nrca4_i2d.fits,I2D,F200W,CLEAR,nrca4,2,1,0,missing,
jw02731001002_02105_00001_nrcalong,jw02731001002_02105_00001_nrcalong_i2d.fits,I2D,F444W,CLEAR,nrcalong,2,1,0,missing,
jw02731001002_02105_00001_nrcb1,jw02731001002_02105_00001_nrcb1_i2d.fits,I2D,F200W,CLEAR,nrcb1,2,1,0,missing,
jw02731001002_02105_00001_nrcb2,jw02731001002_02105_00001_nrcb2_i2d.fits,I2D,F200W,CLEAR,nrcb2,2,1,0,missing,
jw02731001002_02105_00001_nrcb3,jw02731001002_02105_00001_nrcb3_i2d.fits,I2D,F200W,CLEAR,nrcb3,2,1,0,missing,
jw02731001002_02105_00001_nrcb4,jw02731001002_02105_00001_nrcb4_i2d.fits,I2D,F200W,CLEAR,nrcb4,2,1,0,missing,
jw02731001002_02105_00001_nrcblong,jw02731001002_02105_00001_nrcblong_i2d.fits,I2D,F444W,CLEAR,nrcblong,2,1,0,missing,
jw02731001002_02105_00002_nrca1,jw02731001002_02105_00002_nrca1_i2d.fits,I2D,F200W,CLEAR,nrca1,2,2,0,missing,
jw02731001002_02105_00002_nrca2,jw02731001002_02105_00002_nrca2_i2d.fits,I2D,F200W,CLEAR,nrca2,2,2,0,missing,
jw02731001002_02105_00002_nrca3,jw02731001002_02105_00002_nrca3_i2d.fits,I2D,F200W,CLEAR,nrca3,2,2,0,missing,
jw02731001002_02105_00002_nrca4,jw02731001002_02105_00002_nrca4_i2d.fits,I2D,F200W,CLEAR,nrca4,2,2,0,missing,
jw02731001002_02105_00002_nrcalong,jw02731001002_02105_00002_nrcalong_i2d.fits,I2D,F444W,CLEAR,nrcalong,2,2,0,missing,
jw02731001002_02105_00002_nrcb1,jw02731001002_02105_00002_nrcb1_i2d.fits,I2D,F200W,CLEAR,nrcb1,2,2,0,missing,
jw02731001002_02105_00002_nrcb2,jw02731001002_02105_00002_nrcb2_i2d.fits,I2D,F200W,CLEAR,nrcb2,2,2,0,missing,
jw02731001002_02105_00002_nrcb3,jw02731001002_02105_00002_nrcb3_i2d.fits,I2D,F200W,CLEAR,nrcb3,2,2,0,missing,
jw02731001002_02105_00002_nrcb4,jw02731001002_02105_00002_nrcb4_i2d.fits,I2D,F200W,CLEAR,nrcb4,2,2,0,missing,
jw02731001002_02105_00002_nrcblong,jw02731001002_02105_00002_nrcblong_i2d.fits,I2D,F444W,CLEAR,nrcblong,2,2,0,missing,
jw02731001002_02105_00003_nrca3,jw02731001002_02105_00003_nrca3_i2d.fits,I2D,F200W,CLEAR,nrca3,2,3,0,missing,
jw02731001002_02105_00003_nrca4,jw02731001002_02105_00003_nrca4_i2d.fits,I2D,F200W,CLEAR,nrca4,2,3,0,missing,
jw02731001002_02105_00003_nrcalong,jw02731001002_02105_00003_nrcalong_i2d.fits,I2D,F444W,CLEAR,nrcalong,2,3,0,missing,
jw02731001002_02105_00003_nrcb1,jw02731001002_02105_00003_nrcb1_i2d.fits,I2D,F200W,CLEAR,nrcb1,2,3,0,missing,
jw02731001002_02105_00003_nrcb2,jw02731001002_02105_00003_nrcb2_i2d.fits,I2D,F200W,CLEAR,nrcb2,2,3,0,missing,
jw02731001002_02105_00003_nrcb3,jw02731001002_02105_00003_nrcb3_i2d.fits,I2D,F200W,CLEAR,nrcb3,2,3,0,missing,
jw02731001002_02105_00003_nrcb4,jw02731001002_02105_00003_nrcb4_i2d.fits,I2D,F200W,CLEAR,nrcb4,2,3,0,missing,
jw02731001002_02105_00003_nrcblong,jw02731001002_02105_00003_nrcblong_i2d.fits,I2D,F444W,CLEAR,nrcblong,2,3,0,missing,
jw02731001002_02105_00004_nrca1,jw02731001002_02105_00004_nrca1_i2d.fits,I2D,F200W,CLEAR,nrca1,2,4,0,missing,
jw02731001002_02105_00004_nrca2,jw02731001002_02105_00004_nrca2_i2d.fits,I2D,F200W,CLEAR,nrca2,2,4,0,missing,
jw02731001002_02105_00004_nrca3,jw02731001002_02105_00004_nrca3_i2d.fits,I2D,F200W,CLEAR,nrca3,2,4,0,missing,
jw02731001002_02105_00004_nrca4,jw02731001002_02105_00004_nrca4_i2d.fits,I2D,F200W,CLEAR,nrca4,2,4,0,missing,
jw02731001002_02105_00004_nrcalong,jw02731001002_02105_00004_nrcalong_i2d.fits,I2D,F444W,CLEAR,nrcalong,2,4,0,missing,
jw02731001002_02105_00004_nrcb1,jw02731001002_02105_00004_nrcb1_i2d.fits,I2D,F200W,CLEAR,nrcb1,2,4,0,missing,
jw02731001002_02105_00004_nrcb4,jw02731001002_02105_00004_nrcb4_i2d.fits,I2D,F200W,CLEAR,nrcb4,2,4,0,missing,
jw02731001002_02105_00004_nrcblong,jw02731001002_02105_00004_nrcblong_i2d.fits,I2D,F444W,CLEAR,nrcblong,2,4,0,missing,
jw02731001002_02105_00005_nrca1,jw02731001002_02105_00005_nrca1_i2d.fits,I2D,F200W,CLEAR,nrca1,2,5,0,missing,
jw02731001002_02105_00005_nrca2,jw02731001002_02105_00005_nrca2_i2d.fits,I2D,F200W,CLEAR,nrca2,2,5,0,missing,
jw02731001002_02105_00005_nrca3,jw02731001002_02105_00005_nrca3_i2d.fits,I2D,F200W,CLEAR,nrca3,2,5,0,missing,
jw02731001002_02105_00005_nrca4,jw02731001002_02105_00005_nrca4_i2d.fits,I2D,F200W,CLEAR,nrca4,2,5,0,missing,
jw02731001002_02105_00005_nrcalong,jw02731001002_02105_00005_nrcalong_i2d.fits,I2D,F444W,CLEAR,nrcalong,2,5,0,missing,
jw02731001002_02105_00005_nrcb1,jw02731001002_02105_00005_nrcb1_i2d.fits,I2D,F200W,CLEAR,nrcb1,2,5,0,missing,
jw02731001002_02105_00005_nrcb2,jw02731001002_02105_00005_nrcb2_i2d.fits,I2D,F200W,CLEAR,nrcb2,2,5,0,missing,
jw02731001002_02105_00005_nrcb3,jw02731001002_02105_00005_nrcb3_i2d.fits,I2D,F200W,CLEAR,nrcb3,2,5,0,missing,
jw02731001002_02105_00005_nrcb4,jw02731001002_02105_00005_nrcb4_i2d.fits,I2D,F200W,CLEAR,nrcb4,2,5,0,missing,
jw02731001002_02105_00005_nrcblong,jw02731001002_02105_00005_nrcblong_i2d.fits,I2D,F444W,CLEAR,nrcblong,2,5,0,missing,
jw02731001003_02101_00001_nrca1,jw02731001003_02101_00001_nrca1_i2d.fits,I2D,F187N,CLEAR,nrca1,3,1,0,missing,
jw02731001003_02101_00001_nrca2,jw02731001003_02101_00001_nrca2_i2d.fits,I2D,F187N,CLEAR,nrca2,3,1,0,missing,
jw02731001003_02101_00001_nrca3,jw02731001003_02101_00001_nrca3_i2d.fits,I2D,F187N,CLEAR,nrca3,3,1,0,missing,
jw02731001003_02101_00001_nrca4,jw02731001003_02101_00001_nrca4_i2d.fits,I2D,F187N,CLEAR,nrca4,3,1,0,missing,
jw02731001003_02101_00001_nrcalong,jw02731001003_02101_00001_nrcalong_i2d.fits,I2D,F444W,F470N,nrcalong,3,1,0,missing,
jw02731001003_02101_00001_nrcb1,jw02731001003_02101_00001_nrcb1_i2d.fits,I2D,F187N,CLEAR,nrcb1,3,1,0,missing,
jw02731001003_02101_00001_nrcb2,jw02731001003_02101_00001_nrcb2_i2d.fits,I2D,F187N,CLEAR,nrcb2,3,1,0,missing,
jw02731001003_02101_00001_nrcb3,jw02731001003_02101_00001_nrcb3_i2d.fits,I2D,F187N,CLEAR,nrcb3,3,1,0,missing,
jw02731001003_02101_00001_nrcb4,jw02731001003_02101_00001_nrcb4_i2d.fits,I2D,F187N,CLEAR,nrcb4,3,1,0,missing,
jw02731001003_02101_00001_nrcblong,jw02731001003_02101_00001_nrcblong_i2d.fits,I2D,F444W,F470N,nrcblong,3,1,0,missing,
jw02731001003_02101_00002_nrca1,jw02731001003_02101_00002_nrca1_i2d.fits,I2D,F187N,CLEAR,nrca1,3,2,0,missing,
jw02731001003_02101_00002_nrca2,jw02731001003_02101_00002_nrca2_i2d.fits,I2D,F187N,CLEAR,nrca2,3,2,0,missing,
jw02731001003_02101_00002_nrca3,jw02731001003_02101_00002_nrca3_i2d.fits,I2D,F187N,CLEAR,nrca3,3,2,0,missing,
jw02731001003_02101_00002_nrca4,jw02731001003_02101_00002_nrca4_i2d.fits,I2D,F187N,CLEAR,nrca4,3,2,0,missing,
jw02731001003_02101_00002_nrcalong,jw02731001003_02101_00002_nrcalong_i2d.fits,I2D,F444W,F470N,nrcalong,3,2,0,missing,
jw02731001003_02101_00002_nrcb1,jw02731001003_02101_00002_nrcb1_i2d.fits,I2D,F187N,CLEAR,nrcb1,3,2,0,missing,
jw02731001003_02101_00002_nrcb2,jw02731001003_02101_00002_nrcb2_i2d.fits,I2D,F187N,CLEAR,nrcb2,3,2,0,missing,
jw02731001003_02101_00002_nrcb3,jw02731001003_02101_00002_nrcb3_i2d.fits,I2D,F187N,CLEAR,nrcb3,3,2,0,missing,
jw02731001003_02101_00002_nrcb4,jw02731001003_02101_00002_nrcb4_i2d.fits,I2D,F187N,CLEAR,nrcb4,3,2,0,missing,
jw02731001003_02101_00002_nrcblong,jw02731001003_02101_00002_nrcblong_i2d.fits,I2D,F444W,F470N,nrcblong,3,2,0,missing,
jw02731001003_02101_00003_nrca1,jw02731001003_02101_00003_nrca1_i2d.fits,I2D,F187N,CLEAR,nrca1,3,3,0,missing,
jw02731001003_02101_00003_nrca2,jw02731001003_02101_00003_nrca2_i2d.fits,I2D,F187N,CLEAR,nrca2,3,3,0,missing,
jw02731001003_02101_00003_nrca3,jw02731001003_02101_00003_nrca3_i2d.fits,I2D,F187N,CLEAR,nrca3,3,3,0,missing,
jw02731001003_02101_00003_nrca4,jw02731001003_02101_00003_nrca4_i2d.fits,I2D,F187N,CLEAR,nrca4,3,3,0,missing,
jw02731001003_02101_00003_nrcalong,jw02731001003_02101_00003_nrcalong_i2d.fits,I2D,F444W,F470N,nrcalong,3,3,0,missing,
jw02731001003_02101_00003_nrcb1,jw02731001003_02101_00003_nrcb1_i2d.fits,I2D,F187N,CLEAR,nrcb1,3,3,0,missing,
jw02731001003_02101_00003_nrcb2,jw02731001003_02101_00003_nrcb2_i2d.fits,I2D,F187N,CLEAR,nrcb2,3,3,0,missing,
jw02731001003_02101_00003_nrcb3,jw02731001003_02101_00003_nrcb3_i2d.fits,I2D,F187N,CLEAR,nrcb3,3,3,0,missing,
jw02731001003_02101_00003_nrcb4,jw02731001003_02101_00003_nrcb4_i2d.fits,I2D,F187N,CLEAR,nrcb4,3,3,0,missing,
jw02731001003_02101_00003_nrcblong,jw02731001003_02101_00003_nrcblong_i2d.fits,I2D,F444W,F470N,nrcblong,3,3,0,missing,
jw02731001003_02101_00004_nrca1,jw02731001003_02101_00004_nrca1_i2d.fits,I2D,F187N,CLEAR,nrca1,3,4,0,missing,
jw02731001003_02101_00004_nrca2,jw02731001003_02101_00004_nrca2_i2d.fits,I2D,F187N,CLEAR,nrca2,3,4,0,missing,
jw02731001003_02101_00004_nrca3,jw02731001003_02101_00004_nrca3_i2d.fits,I2D,F187N,CLEAR,nrca3,3,4,0,missing,
jw02731001003_02101_00004_nrca4,jw02731001003_02101_00004_nrca4_i2d.fits,I2D,F187N,CLEAR,nrca4,3,4,0,missing,
jw02731001003_02101_00004_nrcalong,jw02731001003_02101_00004_nrcalong_i2d.fits,I2D,F444W,F470N,nrcalong,3,4,0,missing,
jw02731001003_02101_00004_nrcb1,jw02731001003_02101_00004_nrcb1_i2d.fits,I2D,F187N,CLEAR,nrcb1,3,4,0,missing,
jw02731001003_02101_00004_nrcb2,jw02731001003_02101_00004_nrcb2_i2d.fits,I2D,F187N,CLEAR,nrcb2,3,4,0,missing,
jw02731001003_02101_00004_nrcb3,jw02731001003_02101_00004_nrcb3_i2d.fits,I2D,F187N,CLEAR,nrcb3,3,4,0,missing,
jw02731001003_02101_00004_nrcb4,jw02731001003_02101_00004_nrcb4_i2d.fits,I2D,F187N,CLEAR,nrcb4,3,4,0,missing,
jw02731001003_02101_00004_nrcblong,jw02731001003_02101_00004_nrcblong_i2d.fits,I2D,F444W,F470N,nrcblong,3,4,0,missing,
jw02731001003_02101_00005_nrca1,jw02731001003_02101_00005_nrca1_i2d.fits,I2D,F187N,CLEAR,nrca1,3,5,0,missing,
jw02731001003_02101_00005_nrca2,jw02731001003_02101_00005_nrca2_i2d.fits,I2D,F187N,CLEAR,nrca2,3,5,0,missing,
jw02731001003_02101_00005_nrca3,jw02731001003_02101_00005_nrca3_i2d.fits,I2D,F187N,CLEAR,nrca3,3,5,0,missing,
jw02731001003_02101_00005_nrca4,jw02731001003_02101_00005_nrca4_i2d.fits,I2D,F187N,CLEAR,nrca4,3,5,0,missing,
jw02731001003_02101_00005_nrcalong,jw02731001003_02101_00005_nrcalong_i2d.fits,I2D,F444W,F470N,nrcalong,3,5,0,missing,
jw02731001003_02101_00005_nrcb1,jw02731001003_02101_00005_nrcb1_i2d.fits,I2D,F187N,CLEAR,nrcb1,3,5,0,missing,
jw02731001003_02101_00005_nrcb2,jw02731001003_02101_00005_nrcb2_i2d.fits,I2D,F187N,CLEAR,nrcb2,3,5,0,missing,
jw02731001003_02101_00005_nrcb3,jw02731001003_02101_00005_nrcb3_i2d.fits,I2D,F187N,CLEAR,nrcb3,3,5,0,missing,
jw02731001003_02101_00005_nrcb4,jw02731001003_02101_00005_nrcb4_i2d.fits,I2D,F187N,CLEAR,nrcb4,3,5,0,missing,
jw02731001003_02101_00005_nrcblong,jw02731001003_02101_00005_nrcblong_i2d.fits,I2D,F444W,F470N,nrcblong,3,5,0,missing,
jw02731001003_02103_00001_nrca1,jw02731001003_02103_00001_nrca1_i2d.fits,I2D,F090W,CLEAR,nrca1,3,1,0,missing,
jw02731001003_02103_00001_nrca2,jw02731001003_02103_00001_nrca2_i2d.fits,I2D,F090W,CLEAR,nrca2,3,1,0,missing,
jw02731001003_02103_00001_nrca3,jw02731001003_02103_00001_nrca3_i2d.fits,I2D,F090W,CLEAR,nrca3,3,1,0,missing,
jw02731001003_02103_00001_nrca4,jw02731001003_02103_00001_nrca4_i2d.fits,I2D,F090W,CLEAR,nrca4,3,1,0,missing,
jw02731001003_02103_00001_nrcalong,jw02731001003_02103_00001_nrcalong_i2d.fits,I2D,F335M,CLEAR,nrcalong,3,1,0,missing,
jw02731001003_02103_00001_nrcb1,jw02731001003_02103_00001_nrcb1_i2d.fits,I2D,F090W,CLEAR,nrcb1,3,1,0,missing,
jw02731001003_02103_00001_nrcb2,jw02731001003_02103_00001_nrcb2_i2d.fits,I2D,F090W,CLEAR,nrcb2,3,1,0,missing,
jw02731001003_02103_00001_nrcb3,jw02731001003_02103_00001_nrcb3_i2d.fits,I2D,F090W,CLEAR,nrcb3,3,1,0,missing,
jw02731001003_02103_00001_nrcb4,jw02731001003_02103_00001_nrcb4_i2d.fits,I2D,F090W,CLEAR,nrcb4,3,1,0,missing,
jw02731001003_02103_00001_nrcblong,jw02731001003_02103_00001_nrcblong_i2d.fits,I2D,F335M,CLEAR,nrcblong,3,1,0,missing,
jw02731001003_02103_00002_nrca1,jw02731001003_02103_00002_nrca1_i2d.fits,I2D,F090W,CLEAR,nrca1,3,2,0,missing,
jw02731001003_02103_00002_nrca2,jw02731001003_02103_00002_nrca2_i2d.fits,I2D,F090W,CLEAR,nrca2,3,2,0,missing,
jw02731001003_02103_00002_nrca3,jw02731001003_02103_00002_nrca3_i2d.fits,I2D,F090W,CLEAR,nrca3,3,2,0,missing,
jw02731001003_02103_00002_nrca4,jw02731001003_02103_00002_nrca4_i2d.fits,I2D,F090W,CLEAR,nrca4,3,2,0,missing,
jw02731001003_02103_00002_nrcalong,jw02731001003_02103_00002_nrcalong_i2d.fits,I2D,F335M,CLEAR,nrcalong,3,2,0,missing,
jw02731001003_02103_00002_nrcb1,jw02731001003_02103_00002_nrcb1_i2d.fits,I2D,F090W,CLEAR,nrcb1,3,2,0,missing,
jw02731001003_02103_00002_nrcb2,jw02731001003_02103_00002_nrcb2_i2d.fits,I2D,F090W,CLEAR,nrcb2,3,2,0,missing,
jw02731001003_02103_00002_nrcb3,jw02731001003_02103_00002_nrcb3_i2d.fits,I2D,F090W,CLEAR,nrcb3,3,2,0,missing,
jw02731001003_02103_00002_nrcb4,jw02731001003_02103_00002_nrcb4_i2d.fits,I2D,F090W,CLEAR,nrcb4,3,2,0,missing,
jw02731001003_02103_00002_nrcblong,jw02731001003_02103_00002_nrcblong_i2d.fits,I2D,F335M,CLEAR,nrcblong,3,2,0,missing,
jw02731001003_02103_00003_nrca1,jw02731001003_02103_00003_nrca1_i2d.fits,I2D,F090W,CLEAR,nrca1,3,3,0,missing,
jw02731001003_02103_00003_nrca2,jw02731001003_02103_00003_nrca2_i2d.fits,I2D,F090W,CLEAR,nrca2,3,3,0,missing,
jw02731001003_02103_00003_nrca3,jw02731001003_02103_00003_nrca3_i2d.fits,I2D,F090W,CLEAR,nrca3,3,3,0,missing,
jw02731001003_02103_00003_nrca4,jw02731001003_02103_00003_nrca4_i2d.fits,I2D,F090W,CLEAR,nrca4,3,3,0,missing,
jw02731001003_02103_00003_nrcalong,jw02731001003_02103_00003_nrcalong_i2d.fits,I2D,F335M,CLEAR,nrcalong,3,3,0,missing,
jw02731001003_02103_00003_nrcb1,jw02731001003_02103_00003_nrcb1_i2d.fits,I2D,F090W,CLEAR,nrcb1,3,3,0,missing,
jw02731001003_02103_00003_nrcb2,jw02731001003_02103_00003_nrcb2_i2d.fits,I2D,F090W,CLEAR,nrcb2,3,3,0,missing,
jw02731001003_02103_00003_nrcb3,jw02731001003_02103_00003_nrcb3_i2d.fits,I2D,F090W,CLEAR,nrcb3,3,3,0,missing,
jw02731001003_02103_00003_nrcb4,jw02731001003_02103_00003_nrcb4_i2d.fits,I2D,F090W,CLEAR,nrcb4,3,3,0,missing,
jw02731001003_02103_00003_nrcblong,jw02731001003_02103_00003_nrcblong_i2d.fits,I2D,F335M,CLEAR,nrcblong,3,3,0,missing,
jw02731001003_02103_00004_nrca1,jw02731001003_02103_00004_nrca1_i2d.fits,I2D,F090W,CLEAR,nrca1,3,4,0,missing,
jw02731001003_02103_00004_nrca2,jw02731001003_02103_00004_nrca2_i2d.fits,I2D,F090W,CLEAR,nrca2,3,4,0,missing,
jw02731001003_02103_00004_nrca3,jw02731001003_02103_00004_nrca3_i2d.fits,I2D,F090W,CLEAR,nrca3,3,4,0,missing,
jw02731001003_02103_00004_nrca4,jw02731001003_02103_00004_nrca4_i2d.fits,I2D,F090W,CLEAR,nrca4,3,4,0,missing,
jw02731001003_02103_00004_nrcalong,jw02731001003_02103_00004_nrcalong_i2d.fits,I2D,F335M,CLEAR,nrcalong,3,4,0,missing,
jw02731001003_02103_00004_nrcb1,jw02731001003_02103_00004_nrcb1_i2d.fits,I2D,F090W,CLEAR,nrcb1,3,4,0,missing,
jw02731001003_02103_00004_nrcb2,jw02731001003_02103_00004_nrcb2_i2d.fits,I2D,F090W,CLEAR,nrcb2,3,4,0,missing,
jw02731001003_02103_00004_nrcb3,jw02731001003_02103_00004_nrcb3_i2d.fits,I2D,F090W,CLEAR,nrcb3,3,4,0,missing,
jw02731001003_02103_00004_nrcb4,jw02731001003_02103_00004_nrcb4_i2d.fits,I2D,F090W,CLEAR,nrcb4,3,4,0,missing,
jw02731001003_02103_00004_nrcblong,jw02731001003_02103_00004_nrcblong_i2d.fits,I2D,F335M,CLEAR,nrcblong,3,4,0,missing,
jw02731001003_02103_00005_nrca1,jw02731001003_02103_00005_nrca1_i2d.fits,I2D,F090W,CLEAR,nrca1,3,5,0,missing,
jw02731001003_02103_00005_nrca2,jw02731001003_02103_00005_nrca2_i2d.fits,I2D,F090W,CLEAR,nrca2,3,5,0,missing,
jw02731001003_02103_00005_nrca3,jw02731001003_02103_00005_nrca3_i2d.fits,I2D,F090W,CLEAR,nrca3,3,5,0,missing,
jw02731001003_02103_00005_nrca4,jw02731001003_02103_00005_nrca4_i2d.fits,I2D,F090W,CLEAR,nrca4,3,5,0,missing,
jw02731001003_02103_00005_nrcalong,jw02731001003_02103_00005_nrcalong_i2d.fits,I2D,F335M,CLEAR,nrcalong,3,5,0,missing,
jw02731001003_02103_00005_nrcb1,jw02731001003_02103_00005_nrcb1_i2d.fits,I2D,F090W,CLEAR,nrcb1,3,5,0,missing,
jw02731001003_02103_00005_nrcb2,jw02731001003_02103_00005_nrcb2_i2d.fits,I2D,F090W,CLEAR,nrcb2,3,5,0,missing,
jw02731001003_02103_00005_nrcb3,jw02731001003_02103_00005_nrcb3_i2d.fits,I2D,F090W,CLEAR,nrcb3,3,5,0,missing,
jw02731001003_02103_00005_nrcb4,jw02731001003_02103_00005_nrcb4_i2d.fits,I2D,F090W,CLEAR,nrcb4,3,5,0,missing,
jw02731001003_02103_00005_nrcblong,jw02731001003_02103_00005_nrcblong_i2d.fits,I2D,F335M,CLEAR,nrcblong,3,5,0,missing,
jw02731001003_02105_00001_nrca1,jw02731001003_02105_00001_nrca1_i2d.fits,I2D,F200W,CLEAR,nrca1,3,1,0,missing,
jw02731001003_02105_00001_nrca2,jw02731001003_02105_00001_nrca2_i2d.fits,I2D,F200W,CLEAR,nrca2,3,1,0,missing,
jw02731001003_02105_00001_nrca3,jw02731001003_02105_00001_nrca3_i2d.fits,I2D,F200W,CLEAR,nrca3,3,1,0,missing,
jw02731001003_02105_00001_nrca4,jw02731001003_02105_00001_nrca4_i2d.fits,I2D,F200W,CLEAR,nrca4,3,1,0,missing,
jw02731001003_02105_00001_nrcalong,jw02731001003_02105_00001_nrcalong_i2d.fits,I2D,F444W,CLEAR,nrcalong,3,1,0,missing,
jw02731001003_02105_00001_nrcb1,jw02731001003_02105_00001_nrcb1_i2d.fits,I2D,F200W,CLEAR,nrcb1,3,1,0,missing,
jw02731001003_02105_00001_nrcb2,jw02731001003_02105_00001_nrcb2_i2d.fits,I2D,F200W,CLEAR,nrcb2,3,1,0,missing,
jw02731001003_02105_00001_nrcb3,jw02731001003_02105_00001_nrcb3_i2d.fits,I2D,F200W,CLEAR,nrcb3,3,1,0,missing,
jw02731001003_02105_00001_nrcb4,jw02731001003_02105_00001_nrcb4_i2d.fits,I2D,F200W,CLEAR,nrcb4,3,1,0,missing,
jw02731001003_02105_00001_nrcblong,jw02731001003_02105_00001_nrcblong_i2d.fits,I2D,F444W,CLEAR,nrcblong,3,1,0,missing,
jw02731001003_02105_00002_nrca1,jw02731001003_02105_00002_nrca1_i2d.fits,I2D,F200W,CLEAR,nrca1,3,2,0,missing,
jw02731001003_02105_00002_nrca2,jw02731001003_02105_00002_nrca2_i2d.fits,I2D,F200W,CLEAR,nrca2,3,2,0,missing,
jw02731001003_02105_00002_nrca3,jw02731001003_02105_00002_nrca3_i2d.fits,I2D,F200W,CLEAR,nrca3,3,2,0,missing,
jw02731001003_02105_00002_nrca4,jw02731001003_02105_00002_nrca4_i2d.fits,I2D,F200W,CLEAR,nrca4,3,2,0,missing,
jw02731001003_02105_00002_nrcalong,jw02731001003_02105_00002_nrcalong_i2d.fits,I2D,F444W,CLEAR,nrcalong,3,2,0,missing,
jw02731001003_02105_00002_nrcb1,jw02731001003_02105_00002_nrcb1_i2d.fits,I2D,F200W,CLEAR,nrcb1,3,2,0,missing,
jw02731001003_02105_00002_nrcb2,jw02731001003_02105_00002_nrcb2_i2d.fits,I2D,F200W,CLEAR,nrcb2,3,2,0,missing,
jw02731001003_02105_00002_nrcb3,jw02731001003_02105_00002_nrcb3_i2d.fits,I2D,F200W,CLEAR,nrcb3,3,2,0,missing,
jw02731001003_02105_00002_nrcb4,jw02731001003_02105_00002_nrcb4_i2d.fits,I2D,F200W,CLEAR,nrcb4,3,2,0,missing,
jw02731001003_02105_00002_nrcblong,jw02731001003_02105_00002_nrcblong_i2d.fits,I2D,F444W,CLEAR,nrcblong,3,2,0,missing,
jw02731001003_02105_00003_nrca1,jw02731001003_02105_00003_nrca1_i2d.fits,I2D,F200W,CLEAR,nrca1,3,3,0,missing,
jw02731001003_02105_00003_nrca2,jw02731001003_02105_00003_nrca2_i2d.fits,I2D,F200W,CLEAR,nrca2,3,3,0,missing,
jw02731001003_02105_00003_nrca3,jw02731001003_02105_00003_nrca3_i2d.fits,I2D,F200W,CLEAR,nrca3,3,3,0,missing,
jw02731001003_02105_00003_nrca4,jw02731001003_02105_00003_nrca4_i2d.fits,I2D,F200W,CLEAR,nrca4,3,3,0,missing,
jw02731001003_02105_00003_nrcalong,jw02731001003_02105_00003_nrcalong_i2d.fits,I2D,F444W,CLEAR,nrcalong,3,3,0,missing,
jw02731001003_02105_00003_nrcb1,jw02731001003_02105_00003_nrcb1_i2d.fits,I2D,F200W,CLEAR,nrcb1,3,3,0,missing,
jw02731001003_02105_00003_nrcb2,jw02731001003_02105_00003_nrcb2_i2d.fits,I2D,F200W,CLEAR,nrcb2,3,3,0,missing,
jw02731001003_02105_00003_nrcb3,jw02731001003_02105_00003_nrcb3_i2d.fits,I2D,F200W,CLEAR,nrcb3,3,3,0,missing,
jw02731001003_02105_00003_nrcb4,jw02731001003_02105_00003_nrcb4_i2d.fits,I2D,F200W,CLEAR,nrcb4,3,3,0,missing,
jw02731001003_02105_00003_nrcblong,jw02731001003_02105_00003_nrcblong_i2d.fits,I2D,F444W,CLEAR,nrcblong,3,3,0,missing,
jw02731001003_02105_00004_nrca1,jw02731001003_02105_00004_nrca1_i2d.fits,I2D,F200W,CLEAR,nrca1,3,4,0,missing,
jw02731001003_02105_00004_nrca2,jw02731001003_02105_00004_nrca2_i2d.fits,I2D,F200W,CLEAR,nrca2,3,4,0,missing,
jw02731001003_02105_00004_nrca3,jw02731001003_02105_00004_nrca3_i2d.fits,I2D,F200W,CLEAR,nrca3,3,4,0,missing,
jw02731001003_02105_00004_nrca4,jw02731001003_02105_00004_nrca4_i2d.fits,I2D,F200W,CLEAR,nrca4,3,4,0,missing,
jw02731001003_02105_00004_nrcalong,jw02731001003_02105_00004_nrcalong_i2d.fits,I2D,F444W,CLEAR,nrcalong,3,4,0,missing,
jw02731001003_02105_00004_nrcb1,jw02731001003_02105_00004_nrcb1_i2d.fits,I2D,F200W,CLEAR,nrcb1,3,4,0,missing,
jw02731001003_02105_00004_nrcb2,jw02731001003_02105_00004_nrcb2_i2d.fits,I2D,F200W,CLEAR,nrcb2,3,4,0,missing,
jw02731001003_02105_00004_nrcb3,jw02731001003_02105_00004_nrcb3_i2d.fits,I2D,F200W,CLEAR,nrcb3,3,4,0,missing,
jw02731001003_02105_00004_nrcb4,jw02731001003_02105_00004_nrcb4_i2d.fits,I2D,F200W,CLEAR,nrcb4,3,4,0,missing,
jw02731001003_02105_00004_nrcblong,jw02731001003_02105_00004_nrcblong_i2d.fits,I2D,F444W,CLEAR,nrcblong,3,4,0,missing,
jw02731001003_02105_00005_nrca1,jw02731001003_02105_00005_nrca1_i2d.fits,I2D,F200W,CLEAR,nrca1,3,5,0,missing,
jw02731001003_02105_00005_nrca2,jw02731001003_02105_00005_nrca2_i2d.fits,I2D,F200W,CLEAR,nrca2,3,5,0,missing,
jw02731001003_02105_00005_nrca3,jw02731001003_02105_00005_nrca3_i2d.fits,I2D,F200W,CLEAR,nrca3,3,5,0,missing,
jw02731001003_02105_00005_nrca4,jw02731001003_02105_00005_nrca4_i2d.fits,I2D,F200W,CLEAR,nrca4,3,5,0,missing,
jw02731001003_02105_00005_nrcalong,jw02731001003_02105_00005_nrcalong_i2d.fits,I2D,F444W,CLEAR,nrcalong,3,5,0,missing,
jw02731001003_02105_00005_nrcb1,jw02731001003_02105_00005_nrcb1_i2d.fits,I2D,F200W,CLEAR,nrcb1,3,5,0,missing,
jw02731001003_02105_00005_nrcb2,jw02731001003_02105_00005_nrcb2_i2d.fits,I2D,F200W,CLEAR,nrcb2,3,5,0,missing,
jw02731001003_02105_00005_nrcb3,jw02731001003_02105_00005_nrcb3_i2d.fits,I2D,F200W,CLEAR,nrcb3,3,5,0,missing,
jw02731001003_02105_00005_nrcb4,jw02731001003_02105_00005_nrcb4_i2d.fits,I2D,F200W,CLEAR,nrcb4,3,5,0,missing,
jw02731001003_02105_00005_nrcblong,jw02731001003_02105_00005_nrcblong_i2d.fits,I2D,F444W,CLEAR,nrcblong,3,5,0,missing,
jw02731001004_02101_00001_nrca1,jw02731001004_02101_00001_nrca1_i2d.fits,I2D,F187N,CLEAR,nrca1,4,1,0,missing,
jw02731001004_02101_00001_nrca2,jw02731001004_02101_00001_nrca2_i2d.fits,I2D,F187N,CLEAR,nrca2,4,1,0,missing,
jw02731001004_02101_00001_nrca3,jw02731001004_02101_00001_nrca3_i2d.fits,I2D,F187N,CLEAR,nrca3,4,1,0,missing,
jw02731001004_02101_00001_nrca4,jw02731001004_02101_00001_nrca4_i2d.fits,I2D,F187N,CLEAR,nrca4,4,1,0,missing,
jw02731001004_02101_00001_nrcalong,jw02731001004_02101_00001_nrcalong_i2d.fits,I2D,F444W,F470N,nrcalong,4,1,0,missing,
jw02731001004_02101_00001_nrcb1,jw02731001004_02101_00001_nrcb1_i2d.fits,I2D,F187N,CLEAR,nrcb1,4,1,0,missing,
jw02731001004_02101_00001_nrcb2,jw02731001004_02101_00001_nrcb2_i2d.fits,I2D,F187N,CLEAR,nrcb2,4,1,0,missing,
jw02731001004_02101_00001_nrcb3,jw02731001004_02101_00001_nrcb3_i2d.fits,I2D,F187N,CLEAR,nrcb3,4,1,0,missing,
jw02731001004_02101_00001_nrcb4,jw02731001004_02101_00001_nrcb4_i2d.fits,I2D,F187N,CLEAR,nrcb4,4,1,0,missing,
jw02731001004_02101_00001_nrcblong,jw02731001004_02101_00001_nrcblong_i2d.fits,I2D,F444W,F470N,nrcblong,4,1,0,missing,
jw02731001004_02101_00002_nrca1,jw02731001004_02101_00002_nrca1_i2d.fits,I2D,F187N,CLEAR,nrca1,4,2,0,missing,
jw02731001004_02101_00002_nrca2,jw02731001004_02101_00002_nrca2_i2d.fits,I2D,F187N,CLEAR,nrca2,4,2,0,missing,
jw02731001004_02101_00002_nrca3,jw02731001004_02101_00002_nrca3_i2d.fits,I2D,F187N,CLEAR,nrca3,4,2,0,missing,
jw02731001004_02101_00002_nrca4,jw02731001004_02101_00002_nrca4_i2d.fits,I2D,F187N,CLEAR,nrca4,4,2,0,missing,
jw02731001004_02101_00002_nrcalong,jw02731001004_02101_00002_nrcalong_i2d.fits,I2D,F444W,F470N,nrcalong,4,2,0,missing,
jw02731001004_02101_00002_nrcb1,jw02731001004_02101_00002_nrcb1_i2d.fits,I2D,F187N,CLEAR,nrcb1,4,2,0,missing,
jw02731001004_02101_00002_nrcb2,jw02731001004_02101_00002_nrcb2_i2d.fits,I2D,F187N,CLEAR,nrcb2,4,2,0,missing,
jw02731001004_02101_00002_nrcb3,jw02731001004_02101_00002_nrcb3_i2d.fits,I2D,F187N,CLEAR,nrcb3,4,2,0,missing,
jw02731001004_02101_00002_nrcb4,jw02731001004_02101_00002_nrcb4_i2d.fits,I2D,F187N,CLEAR,nrcb4,4,2,0,missing,
jw02731001004_02101_00002_nrcblong,jw02731001004_02101_00002_nrcblong_i2d.fits,I2D,F444W,F470N,nrcblong,4,2,0,missing,
jw02731001004_02101_00003_nrca1,jw02731001004_02101_00003_nrca1_i2d.fits,I2D,F187N,CLEAR,nrca1,4,3,0,missing,
jw02731001004_02101_00003_nrca2,jw02731001004_02101_00003_nrca2_i2d.fits,I2D,F187N,CLEAR,nrca2,4,3,0,missing,
jw02731001004_02101_00003_nrca3,jw02731001004_02101_00003_nrca3_i2d.fits,I2D,F187N,CLEAR,nrca3,4,3,0,missing,
jw02731001004_02101_00003_nrca4,jw02731001004_02101_00003_nrca4_i2d.fits,I2D,F187N,CLEAR,nrca4,4,3,0,missing,
jw02731001004_02101_00003_nrcalong,jw02731001004_02101_00003_nrcalong_i2d.fits,I2D,F444W,F470N,nrcalong,4,3,0,missing,
jw02731001004_02101_00003_nrcb1,jw02731001004_02101_00003_nrcb1_i2d.fits,I2D,F187N,CLEAR,nrcb1,4,3,0,missing,
jw02731001004_02101_00003_nrcb2,jw02731001004_02101_00003_nrcb2_i2d.fits,I2D,F187N,CLEAR,nrcb2,4,3,0,missing,
jw02731001004_02101_00003_nrcb3,jw02731001004_02101_00003_nrcb3_i2d.fits,I2D,F187N,CLEAR,nrcb3,4,3,0,missing,
jw02731001004_02101_00003_nrcb4,jw02731001004_02101_00003_nrcb4_i2d.fits,I2D,F187N,CLEAR,nrcb4,4,3,0,missing,
jw02731001004_02101_00003_nrcblong,jw02731001004_02101_00003_nrcblong_i2d.fits,I2D,F444W,F470N,nrcblong,4,3,0,missing,
jw02731001004_02101_00004_nrca1,jw02731001004_02101_00004_nrca1_i2d.fits,I2D,F187N,CLEAR,nrca1,4,4,0,missing,
jw02731001004_02101_00004_nrca2,jw02731001004_02101_00004_nrca2_i2d.fits,I2D,F187N,CLEAR,nrca2,4,4,0,missing,
jw02731001004_02101_00004_nrca3,jw02731001004_02101_00004_nrca3_i2d.fits,I2D,F187N,CLEAR,nrca3,4,4,0,missing,
jw02731001004_02101_00004_nrca4,jw02731001004_02101_00004_nrca4_i2d.fits,I2D,F187N,CLEAR,nrca4,4,4,0,missing,
jw02731001004_02101_00004_nrcalong,jw02731001004_02101_00004_nrcalong_i2d.fits,I2D,F444W,F470N,nrcalong,4,4,0,missing,
jw02731001004_02101_00004_nrcb1,jw02731001004_02101_00004_nrcb1_i2d.fits,I2D,F187N,CLEAR,nrcb1,4,4,0,missing,
jw02731001004_02101_00004_nrcb2,jw02731001004_02101_00004_nrcb2_i2d.fits,I2D,F187N,CLEAR,nrcb2,4,4,0,missing,
jw02731001004_02101_00004_nrcb3,jw02731001004_02101_00004_nrcb3_i2d.fits,I2D,F187N,CLEAR,nrcb3,4,4,0,missing,
jw02731001004_02101_00004_nrcb4,jw02731001004_02101_00004_nrcb4_i2d.fits,I2D,F187N,CLEAR,nrcb4,4,4,0,missing,
jw02731001004_02101_00004_nrcblong,jw02731001004_02101_00004_nrcblong_i2d.fits,I2D,F444W,F470N,nrcblong,4,4,0,missing,
jw02731001004_02101_00005_nrca1,jw02731001004_02101_00005_nrca1_i2d.fits,I2D,F187N,CLEAR,nrca1,4,5,0,missing,
jw02731001004_02101_00005_nrca2,jw02731001004_02101_00005_nrca2_i2d.fits,I2D,F187N,CLEAR,nrca2,4,5,0,missing,
jw02731001004_02101_00005_nrca3,jw02731001004_02101_00005_nrca3_i2d.fits,I2D,F187N,CLEAR,nrca3,4,5,0,missing,
jw02731001004_02101_00005_nrca4,jw02731001004_02101_00005_nrca4_i2d.fits,I2D,F187N,CLEAR,nrca4,4,5,0,missing,
jw02731001004_02101_00005_nrcalong,jw02731001004_02101_00005_nrcalong_i2d.fits,I2D,F444W,F470N,nrcalong,4,5,0,missing,
jw02731001004_02101_00005_nrcb1,jw02731001004_02101_00005_nrcb1_i2d.fits,I2D,F187N,CLEAR,nrcb1,4,5,0,missing,
jw02731001004_02101_00005_nrcb2,jw02731001004_02101_00005_nrcb2_i2d.fits,I2D,F187N,CLEAR,nrcb2,4,5,0,missing,
jw02731001004_02101_00005_nrcb3,jw02731001004_02101_00005_nrcb3_i2d.fits,I2D,F187N,CLEAR,nrcb3,4,5,0,missing,
jw02731001004_02101_00005_nrcb4,jw02731001004_02101_00005_nrcb4_i2d.fits,I2D,F187N,CLEAR,nrcb4,4,5,0,missing,
jw02731001004_02101_00005_nrcblong,jw02731001004_02101_00005_nrcblong_i2d.fits,I2D,F444W,F470N,nrcblong,4,5,0,missing,
jw02731001004_02103_00001_nrca1,jw02731001004_02103_00001_nrca1_i2d.fits,I2D,F090W,CLEAR,nrca1,4,1,0,missing,
jw02731001004_02103_00001_nrca2,jw02731001004_02103_00001_nrca2_i2d.fits,I2D,F090W,CLEAR,nrca2,4,1,0,missing,
jw02731001004_02103_00001_nrca3,jw02731001004_02103_00001_nrca3_i2d.fits,I2D,F090W,CLEAR,nrca3,4,1,0,missing,
jw02731001004_02103_00001_nrca4,jw02731001004_02103_00001_nrca4_i2d.fits,I2D,F090W,CLEAR,nrca4,4,1,0,missing,
jw02731001004_02103_00001_nrcalong,jw02731001004_02103_00001_nrcalong_i2d.fits,I2D,F335M,CLEAR,nrcalong,4,1,0,missing,
jw02731001004_02103_00001_nrcb1,jw02731001004_02103_00001_nrcb1_i2d.fits,I2D,F090W,CLEAR,nrcb1,4,1,0,missing,
jw02731001004_02103_00001_nrcb2,jw02731001004_02103_00001_nrcb2_i2d.fits,I2D,F090W,CLEAR,nrcb2,4,1,0,missing,
jw02731001004_02103_00001_nrcb3,jw02731001004_02103_00001_nrcb3_i2d.fits,I2D,F090W,CLEAR,nrcb3,4,1,0,missing,
jw02731001004_02103_00001_nrcb4,jw02731001004_02103_00001_nrcb4_i2d.fits,I2D,F090W,CLEAR,nrcb4,4,1,0,missing,
jw02731001004_02103_00001_nrcblong,jw02731001004_02103_00001_nrcblong_i2d.fits,I2D,F335M,CLEAR,nrcblong,4,1,0,missing,
jw02731001004_02103_00002_nrca1,jw02731001004_02103_00002_nrca1_i2d.fits,I2D,F090W,CLEAR,nrca1,4,2,0,missing,
jw02731001004_02103_00002_nrca2,jw02731001004_02103_00002_nrca2_i2d.fits,I2D,F090W,CLEAR,nrca2,4,2,0,missing,
jw02731001004_02103_00002_nrca3,jw02731001004_02103_00002_nrca3_i2d.fits,I2D,F090W,CLEAR,nrca3,4,2,0,missing,
jw02731001004_02103_00002_nrca4,jw02731001004_02103_00002_nrca4_i2d.fits,I2D,F090W,CLEAR,nrca4,4,2,0,missing,
jw02731001004_02103_00002_nrcalong,jw02731001004_02103_00002_nrcalong_i2d.fits,I2D,F335M,CLEAR,nrcalong,4,2,0,missing,
jw02731001004_02103_00002_nrcb1,jw02731001004_02103_00002_nrcb1_i2d.fits,I2D,F090W,CLEAR,nrcb1,4,2,0,missing,
jw02731001004_02103_00002_nrcb2,jw02731001004_02103_00002_nrcb2_i2d.fits,I2D,F090W,CLEAR,nrcb2,4,2,0,missing,
jw02731001004_02103_00002_nrcb3,jw02731001004_02103_00002_nrcb3_i2d.fits,I2D,F090W,CLEAR,nrcb3,4,2,0,missing,
jw02731001004_02103_00002_nrcb4,jw02731001004_02103_00002_nrcb4_i2d.fits,I2D,F090W,CLEAR,nrcb4,4,2,0,missing,
jw02731001004_02103_00002_nrcblong,jw02731001004_02103_00002_nrcblong_i2d.fits,I2D,F335M,CLEAR,nrcblong,4,2,0,missing,
jw02731001004_02103_00003_nrca1,jw02731001004_02103_00003_nrca1_i2d.fits,I2D,F090W,CLEAR,nrca1,4,3,0,missing,
jw02731001004_02103_00003_nrca2,jw02731001004_02103_00003_nrca2_i2d.fits,I2D,F090W,CLEAR,nrca2,4,3,0,missing,
jw02731001004_02103_00003_nrca3,jw02731001004_02103_00003_nrca3_i2d.fits,I2D,F090W,CLEAR,nrca3,4,3,0,missing,
jw02731001004_02103_00003_nrca4,jw02731001004_02103_00003_nrca4_i2d.fits,I2D,F090W,CLEAR,nrca4,4,3,0,missing,
jw02731001004_02103_00003_nrcalong,jw02731001004_02103_00003_nrcalong_i2d.fits,I2D,F335M,CLEAR,nrcalong,4,3,0,missing,
jw02731001004_02103_00003_nrcb1,jw02731001004_02103_00003_nrcb1_i2d.fits,I2D,F090W,CLEAR,nrcb1,4,3,0,missing,
jw02731001004_02103_00003_nrcb2,jw02731001004_02103_00003_nrcb2_i2d.fits,I2D,F090W,CLEAR,nrcb2,4,3,0,missing,
jw02731001004_02103_00003_nrcb3,jw02731001004_02103_00003_nrcb3_i2d.fits,I2D,F090W,CLEAR,nrcb3,4,3,0,missing,
jw02731001004_02103_00003_nrcb4,jw02731001004_02103_00003_nrcb4_i2d.fits,I2D,F090W,CLEAR,nrcb4,4,3,0,missing,
jw02731001004_02103_00003_nrcblong,jw02731001004_02103_00003_nrcblong_i2d.fits,I2D,F335M,CLEAR,nrcblong,4,3,0,missing,
jw02731001004_02103_00004_nrca1,jw02731001004_02103_00004_nrca1_i2d.fits,I2D,F090W,CLEAR,nrca1,4,4,0,missing,
jw02731001004_02103_00004_nrca2,jw02731001004_02103_00004_nrca2_i2d.fits,I2D,F090W,CLEAR,nrca2,4,4,0,missing,
jw02731001004_02103_00004_nrca3,jw02731001004_02103_00004_nrca3_i2d.fits,I2D,F090W,CLEAR,nrca3,4,4,0,missing,
jw02731001004_02103_00004_nrca4,jw02731001004_02103_00004_nrca4_i2d.fits,I2D,F090W,CLEAR,nrca4,4,4,0,missing,
jw02731001004_02103_00004_nrcalong,jw02731001004_02103_00004_nrcalong_i2d.fits,I2D,F335M,CLEAR,nrcalong,4,4,0,missing,
jw02731001004_02103_00004_nrcb1,jw02731001004_02103_00004_nrcb1_i2d.fits,I2D,F090W,CLEAR,nrcb1,4,4,0,missing,
jw02731001004_02103_00004_nrcb2,jw02731001004_02103_00004_nrcb2_i2d.fits,I2D,F090W,CLEAR,nrcb2,4,4,0,missing,
jw02731001004_02103_00004_nrcb3,jw02731001004_02103_00004_nrcb3_i2d.fits,I2D,F090W,CLEAR,nrcb3,4,4,0,missing,
jw02731001004_02103_00004_nrcb4,jw02731001004_02103_00004_nrcb4_i2d.fits,I2D,F090W,CLEAR,nrcb4,4,4,0,missing,
jw02731001004_02103_00004_nrcblong,jw02731001004_02103_00004_nrcblong_i2d.fits,I2D,F335M,CLEAR,nrcblong,4,4,0,missing,
jw02731001004_02103_00005_nrca1,jw02731001004_02103_00005_nrca1_i2d.fits,I2D,F090W,CLEAR,nrca1,4,5,0,missing,
jw02731001004_02103_00005_nrca2,jw02731001004_02103_00005_nrca2_i2d.fits,I2D,F090W,CLEAR,nrca2,4,5,0,missing,
jw02731001004_02103_00005_nrca3,jw02731001004_02103_00005_nrca3_i2d.fits,I2D,F090W,CLEAR,nrca3,4,5,0,missing,
jw02731001004_02103_00005_nrca4,jw02731001004_02103_00005_nrca4_i2d.fits,I2D,F090W,CLEAR,nrca4,4,5,0,missing,
jw02731001004_02103_00005_nrcalong,jw02731001004_02103_00005_nrcalong_i2d.fits,I2D,F335M,CLEAR,nrcalong,4,5,0,missing,
jw02731001004_02103_00005_nrcb1,jw02731001004_02103_00005_nrcb1_i2d.fits,I2D,F090W,CLEAR,nrcb1,4,5,0,missing,
jw02731001004_02103_00005_nrcb2,jw02731001004_02103_00005_nrcb2_i2d.fits,I2D,F090W,CLEAR,nrcb2,4,5,0,missing,
jw02731001004_02103_00005_nrcb3,jw02731001004_02103_00005_nrcb3_i2d.fits,I2D,F090W,CLEAR,nrcb3,4,5,0,missing,
jw02731001004_02103_00005_nrcb4,jw02731001004_02103_00005_nrcb4_i2d.fits,I2D,F090W,CLEAR,nrcb4,4,5,0,missing,
jw02731001004_02103_00005_nrcblong,jw02731001004_02103_00005_nrcblong_i2d.fits,I2D,F335M,CLEAR,nrcblong,4,5,0,missing,
jw02731001004_02105_00001_nrca1,jw02731001004_02105_00001_nrca1_i2d.fits,I2D,F200W,CLEAR,nrca1,4,1,0,missing,
jw02731001004_02105_00001_nrca2,jw02731001004_02105_00001_nrca2_i2d.fits,I2D,F200W,CLEAR,nrca2,4,1,0,missing,
jw02731001004_02105_00001_nrca3,jw02731001004_02105_00001_nrca3_i2d.fits,I2D,F200W,CLEAR,nrca3,4,1,0,missing,
jw02731001004_02105_00001_nrca4,jw02731001004_02105_00001_nrca4_i2d.fits,I2D,F200W,CLEAR,nrca4,4,1,0,missing,
jw02731001004_02105_00001_nrcalong,jw02731001004_02105_00001_nrcalong_i2d.fits,I2D,F444W,CLEAR,nrcalong,4,1,0,missing,
jw02731001004_02105_00001_nrcb1,jw02731001004_02105_00001_nrcb1_i2d.fits,I2D,F200W,CLEAR,nrcb1,4,1,0,missing,
jw02731001004_02105_00001_nrcb2,jw02731001004_02105_00001_nrcb2_i2d.fits,I2D,F200W,CLEAR,nrcb2,4,1,0,missing,
jw02731001004_02105_00001_nrcb3,jw02731001004_02105_00001_nrcb3_i2d.fits,I2D,F200W,CLEAR,nrcb3,4,1,0,missing,
jw02731001004_02105_00001_nrcb4,jw02731001004_02105_00001_nrcb4_i2d.fits,I2D,F200W,CLEAR,nrcb4,4,1,0,missing,
jw02731001004_02105_00001_nrcblong,jw02731001004_02105_00001_nrcblong_i2d.fits,I2D,F444W,CLEAR,nrcblong,4,1,0,missing,
jw02731001004_02105_00002_nrca1,jw02731001004_02105_00002_nrca1_i2d.fits,I2D,F200W,CLEAR,nrca1,4,2,0,missing,
jw02731001004_02105_00002_nrca2,jw02731001004_02105_00002_nrca2_i2d.fits,I2D,F200W,CLEAR,nrca2,4,2,0,missing,
jw02731001004_02105_00002_nrca3,jw02731001004_02105_00002_nrca3_i2d.fits,I2D,F200W,CLEAR,nrca3,4,2,0,missing,
jw02731001004_02105_00002_nrca4,jw02731001004_02105_00002_nrca4_i2d.fits,I2D,F200W,CLEAR,nrca4,4,2,0,missing,
jw02731001004_02105_00002_nrcalong,jw02731001004_02105_00002_nrcalong_i2d.fits,I2D,F444W,CLEAR,nrcalong,4,2,0,missing,
jw02731001004_02105_00002_nrcb1,jw02731001004_02105_00002_nrcb1_i2d.fits,I2D,F200W,CLEAR,nrcb1,4,2,0,missing,
jw02731001004_02105_00002_nrcb2,jw02731001004_02105_00002_nrcb2_i2d.fits,I2D,F200W,CLEAR,nrcb2,4,2,0,missing,
jw02731001004_02105_00002_nrcb3,jw02731001004_02105_00002_nrcb3_i2d.fits,I2D,F200W,CLEAR,nrcb3,4,2,0,missing,
jw02731001004_02105_00002_nrcb4,jw02731001004_02105_00002_nrcb4_i2d.fits,I2D,F200W,CLEAR,nrcb4,4,2,0,missing,
jw02731001004_02105_00002_nrcblong,jw02731001004_02105_00002_nrcblong_i2d.fits,I2D,F444W,CLEAR,nrcblong,4,2,0,missing,
jw02731001004_02105_00003_nrca1,jw02731001004_02105_00003_nrca1_i2d.fits,I2D,F200W,CLEAR,nrca1,4,3,0,missing,
jw02731001004_02105_00003_nrca2,jw02731001004_02105_00003_nrca2_i2d.fits,I2D,F200W,CLEAR,nrca2,4,3,0,missing,
jw02731001004_02105_00003_nrca3,jw02731001004_02105_00003_nrca3_i2d.fits,I2D,F200W,CLEAR,nrca3,4,3,0,missing,
jw02731001004_02105_00003_nrca4,jw02731001004_02105_00003_nrca4_i2d.fits,I2D,F200W,CLEAR,nrca4,4,3,0,missing,
jw02731001004_02105_00003_nrcalong,jw02731001004_02105_00003_nrcalong_i2d.fits,I2D,F444W,CLEAR,nrcalong,4,3,0,missing,
jw02731001004_02105_00003_nrcb1,jw02731001004_02105_00003_nrcb1_i2d.fits,I2D,F200W,CLEAR,nrcb1,4,3,0,missing,
jw02731001004_02105_00003_nrcb2,jw02731001004_02105_00003_nrcb2_i2d.fits,I2D,F200W,CLEAR,nrcb2,4,3,0,missing,
jw02731001004_02105_00003_nrcb3,jw02731001004_02105_00003_nrcb3_i2d.fits,I2D,F200W,CLEAR,nrcb3,4,3,0,missing,
jw02731001004_02105_00003_nrcb4,jw02731001004_02105_00003_nrcb4_i2d.fits,I2D,F200W,CLEAR,nrcb4,4,3,0,missing,
jw02731001004_02105_00003_nrcblong,jw02731001004_02105_00003_nrcblong_i2d.fits,I2D,F444W,CLEAR,nrcblong,4,3,0,missing,
jw02731001004_02105_00004_nrca1,jw02731001004_02105_00004_nrca1_i2d.fits,I2D,F200W,CLEAR,nrca1,4,4,0,missing,
jw02731001004_02105_00004_nrca2,jw02731001004_02105_00004_nrca2_i2d.fits,I2D,F200W,CLEAR,nrca2,4,4,0,missing,
jw02731001004_02105_00004_nrca3,jw02731001004_02105_00004_nrca3_i2d.fits,I2D,F200W,CLEAR,nrca3,4,4,0,missing,
jw02731001004_02105_00004_nrca4,jw02731001004_02105_00004_nrca4_i2d.fits,I2D,F200W,CLEAR,nrca4,4,4,0,missing,
jw02731001004_02105_00004_nrcalong,jw02731001004_02105_00004_nrcalong_i2d.fits,I2D,F444W,CLEAR,nrcalong,4,4,0,missing,
jw02731001004_02105_00004_nrcb1,jw02731001004_02105_00004_nrcb1_i2d.fits,I2D,F200W,CLEAR,nrcb1,4,4,0,missing,
jw02731001004_02105_00004_nrcb2,jw02731001004_02105_00004_nrcb2_i2d.fits,I2D,F200W,CLEAR,nrcb2,4,4,0,missing,
jw02731001004_02105_00004_nrcb3,jw02731001004_02105_00004_nrcb3_i2d.fits,I2D,F200W,CLEAR,nrcb3,4,4,0,missing,
jw02731001004_02105_00004_nrcb4,jw02731001004_02105_00004_nrcb4_i2d.fits,I2D,F200W,CLEAR,nrcb4,4,4,0,missing,
jw02731001004_02105_00004_nrcblong,jw02731001004_02105_00004_nrcblong_i2d.fits,I2D,F444W,CLEAR,nrcblong,4,4,0,missing,
jw02731001004_02105_00005_nrca1,jw02731001004_02105_00005_nrca1_i2d.fits,I2D,F200W,CLEAR,nrca1,4,5,0,missing,
jw02731001004_02105_00005_nrca2,jw02731001004_02105_00005_nrca2_i2d.fits,I2D,F200W,CLEAR,nrca2,4,5,0,missing,
jw02731001004_02105_00005_nrca3,jw02731001004_02105_00005_nrca3_i2d.fits,I2D,F200W,CLEAR,nrca3,4,5,0,missing,
jw02731001004_02105_00005_nrca4,jw02731001004_02105_00005_nrca4_i2d.fits,I2D,F200W,CLEAR,nrca4,4,5,0,missing,
jw02731001004_02105_00005_nrcalong,jw02731001004_02105_00005_nrcalong_i2d.fits,I2D,F444W,CLEAR,nrcalong,4,5,0,missing,
jw02731001004_02105_00005_nrcb1,jw02731001004_02105_00005_nrcb1_i2d.fits,I2D,F200W,CLEAR,nrcb1,4,5,0,missing,
jw02731001004_02105_00005_nrcb2,jw02731001004_02105_00005_nrcb2_i2d.fits,I2D,F200W,CLEAR,nrcb2,4,5,0,missing,
jw02731001004_02105_00005_nrcb3,jw02731001004_02105_00005_nrcb3_i2d.fits,I2D,F200W,CLEAR,nrcb3,4,5,0,missing,
jw02731001004_02105_00005_nrcb4,jw02731001004_02105_00005_nrcb4_i2d.fits,I2D,F200W,CLEAR,nrcb4,4,5,0,missing,
jw02731001004_02105_00005_nrcblong,jw02731001004_02105_00005_nrcblong_i2d.fits,I2D,F444W,CLEAR,nrcblong,4,5,0,missing,
